video,frame,fault,param,level,lap_var,entropy,brightness,clipped,consistency,gt_hit,gt_conf,n_det,health
Backpack_0,3648,baseline,none,0.0,733.7444612280365,6.5202862446938905,39.27853224012587,0.054555257161458336,1.0,0.0,0.0,0,0.6969885797842714
Backpack_0,3648,gauss_blur,sigma,1.0,86.24746014890663,6.514440887622616,39.323262532552086,0.0315093994140625,1.0,0.0,0.0,0,0.4832143182753597
Backpack_0,3648,gauss_blur,sigma,2.0,9.873226589212816,6.369809438338031,39.329369439019096,0.019697401258680556,1.0,0.0,0.0,0,0.2553976760668304
Backpack_0,3648,gauss_blur,sigma,4.0,2.3885616713669156,6.147078649747782,39.33131578233507,0.0074920654296875,1.0,0.0,0.0,0,0.12762008791338464
Backpack_0,3648,gauss_blur,sigma,8.0,1.7073652479124977,5.87806357389451,39.33513047960069,0.001385158962673611,1.0,0.0,0.0,0,0.10020925353328616
Backpack_0,3648,motion_blur,kernel_px,9.0,112.1911718048799,6.453501419362862,39.32551744249132,0.025973849826388888,1.0,0.0,0.0,0,0.5094862493275066
Backpack_0,3648,motion_blur,kernel_px,21.0,48.928462518540044,6.258209686697203,39.32863193088107,0.012427435980902778,1.0,0.0,0.0,0,0.4142508425830284
Backpack_0,3648,motion_blur,kernel_px,41.0,26.165582440146764,6.059239088053695,39.33011711968316,0.004774305555555556,1.0,0.0,0.0,0,0.34128546955362205
Backpack_0,3648,noise,sigma,10.0,1544.6809223686073,6.6572496969542945,39.30833095974393,0.06473626030815972,1.0,0.0,0.0,0,0.7835013021146167
Backpack_0,3648,noise,sigma,25.0,5145.379250945854,6.737940342577445,41.340057373046875,0.08661566840277778,1.0,0.0,0.0,0,0.8153764683726589
Backpack_0,3648,noise,sigma,50.0,15216.22569747756,6.924426071234315,47.45579867892795,0.09816148546006945,1.0,0.0,0.0,0,0.857809594587134
Backpack_0,3648,dark,gamma,2.0,259.5610457530423,4.600940206975811,9.394834730360243,0.5629781087239584,1.0,0.0,0.0,0,0.1412056676169762
Backpack_0,3648,dark,gamma,3.0,108.42816485722129,2.794093119027435,2.837188720703125,0.8523830837673612,1.0,0.0,0.0,0,0.02253234520623132
Backpack_0,3648,dark,gamma,4.5,42.333275686765546,1.1746790014831952,0.6246168348524306,0.9728885226779513,1.0,0.0,0.0,0,0.0013564952768668806
Backpack_0,3648,overexpose,gamma,0.5,1240.8304993339816,7.194620059866407,90.63933987087674,0.002648247612847222,1.0,0.0,0.0,0,0.6655530116876234
Backpack_0,3648,overexpose,gamma,0.3,1606.312445108465,7.162165356839528,132.3205803765191,0.0022752549913194445,1.0,0.0,0.0,0,0.3741347928455402
Backpack_0,3648,overexpose,gamma,0.15,2346.716284407096,6.756720352576199,178.75421312120227,0.002285427517361111,1.0,0.0,0.0,0,0.022790641170047456
Backpack_0,3648,jpeg,quality,30.0,749.5752265147008,6.631042162245018,39.45569525824653,0.05333116319444445,1.0,0.0,0.0,0,0.7131488712390635
Backpack_0,3648,jpeg,quality,10.0,706.5175542678013,6.507385935897977,39.80386861165365,0.035257975260416664,1.0,0.0,0.0,0,0.7090106945733684
Backpack_0,3648,jpeg,quality,3.0,634.9411108865302,3.9656751521130174,39.22832573784722,0.1802520751953125,1.0,0.0,0.0,0,0.3593512238895926
Backpack_0,4693,baseline,none,0.0,1557.7498489395705,6.818712535122645,45.61083475748698,0.11746893988715278,1.0,0.0,0.0,1,0.80018436902823
Backpack_0,4693,gauss_blur,sigma,1.0,132.1574384894791,6.784128366340067,45.63941616482205,0.10174051920572917,1.0,0.0,0.0,1,0.5392842983847774
Backpack_0,4693,gauss_blur,sigma,2.0,11.831456340823534,6.650625900017356,45.640928480360245,0.09522332085503472,1.0,0.0,0.0,1,0.27781135066953155
Backpack_0,4693,gauss_blur,sigma,4.0,2.389270340675993,6.475253232285898,45.64373101128472,0.08649529351128472,0.5,0.0,0.0,3,0.13062874269304306
Backpack_0,4693,gauss_blur,sigma,8.0,1.6979675273537447,6.300825921831802,45.64320203993056,0.0735015869140625,0.0,0.0,0.0,1,0.10482450503869227
Backpack_0,4693,motion_blur,kernel_px,9.0,220.92666586566668,6.740759883527506,45.640706380208336,0.0977817111545139,0.6666666666666666,0.0,0.0,2,0.5944079722464172
Backpack_0,4693,motion_blur,kernel_px,21.0,98.12027448966506,6.601660153487929,45.64268324110243,0.08502197265625,0.4,0.0,0.0,4,0.5023012207600442
Backpack_0,4693,motion_blur,kernel_px,41.0,52.35848101365299,6.470781297169563,45.64155409071181,0.0714450412326389,1.0,0.0,0.0,1,0.4323229180317904
Backpack_0,4693,noise,sigma,10.0,2328.0790158923865,6.925967677666568,45.81946987575955,0.09512837727864583,1.0,0.0,0.0,1,0.8491269076741311
Backpack_0,4693,noise,sigma,25.0,5900.2551838081845,6.975556392771385,47.85349867078993,0.09079657660590278,1.0,0.0,0.0,1,0.8676398624791343
Backpack_0,4693,noise,sigma,50.0,16348.519188721868,7.104274523291345,53.42806498209635,0.0943790011935764,1.0,0.0,0.0,1,0.9036621769552352
Backpack_0,4693,dark,gamma,2.0,781.9099322685738,5.064083840093879,13.885894775390625,0.4819471571180556,1.0,0.0,0.0,1,0.23251644944522992
Backpack_0,4693,dark,gamma,3.0,445.2063167446988,3.4534302174600553,5.377056545681423,0.7633700900607638,0.6666666666666666,0.0,0.0,2,0.05991631921767137
Backpack_0,4693,dark,gamma,4.5,251.07262649952528,1.8346379992937445,1.7212863498263888,0.9226108127170138,0.0,0.0,0.0,1,0.009002716468809334
Backpack_0,4693,overexpose,gamma,0.5,2062.687003303316,7.4630093434089435,94.32625834147136,0.008210923936631944,1.0,0.0,0.0,1,0.6770406712821119
Backpack_0,4693,overexpose,gamma,0.3,2219.6046299520467,7.416338580357581,132.63140530056424,0.0017632378472222222,1.0,0.0,0.0,1,0.38271086137450044
Backpack_0,4693,overexpose,gamma,0.15,2566.012092097143,7.031170689327682,175.15074496799045,0.001992119683159722,0.0,0.0,0.0,2,0.05110251691372405
Backpack_0,4693,jpeg,quality,30.0,1440.0243477550805,6.836347582532181,45.86255391438802,0.11415608723958333,1.0,0.0,0.0,1,0.7962766119237875
Backpack_0,4693,jpeg,quality,10.0,1217.6375006863382,6.712439477866343,46.16163126627604,0.08296373155381945,1.0,0.0,0.0,1,0.7947393745882634
Backpack_0,4693,jpeg,quality,3.0,937.2766226670551,4.971466449972455,45.917822943793404,0.20300801595052084,0.0,0.0,0.0,0,0.4917397035395944
Backpack_0,5156,baseline,none,0.0,1452.3342752647727,6.668233198380533,46.2415517171224,0.03510877821180555,1.0,0.0,0.0,1,0.8518611650491915
Backpack_0,5156,gauss_blur,sigma,1.0,87.02150960749209,6.529104789155411,46.283079359266495,0.020704481336805556,1.0,0.0,0.0,1,0.5207297703348797
Backpack_0,5156,gauss_blur,sigma,2.0,6.785339278157478,6.331304741891509,46.28674655490451,0.016755845811631944,1.0,0.0,0.0,1,0.2323795901604625
Backpack_0,5156,gauss_blur,sigma,4.0,2.1395517736414664,6.119508655685121,46.290108574761284,0.012474907769097222,0.6666666666666666,0.0,0.0,2,0.1257615696143964
Backpack_0,5156,gauss_blur,sigma,8.0,1.7079671218324408,5.885359276725729,46.29017300075955,0.008329603407118056,0.0,0.0,0.0,0,0.10575798457110996
Backpack_0,5156,motion_blur,kernel_px,9.0,156.99511975256647,6.48437393250191,46.284935845269096,0.018200344509548612,0.6666666666666666,0.0,0.0,2,0.5862322167759336
Backpack_0,5156,motion_blur,kernel_px,21.0,64.45710257868238,6.2800444388447225,46.28813340928819,0.012554592556423612,0.0,0.0,0.0,1,0.4716466347309565
Backpack_0,5156,motion_blur,kernel_px,41.0,33.11042734851808,6.110463676769532,46.28830125596788,0.008385552300347222,0.0,0.0,0.0,1,0.3890122030198831
Backpack_0,5156,noise,sigma,10.0,2271.0276149437755,6.795739235720059,46.16973537868924,0.041661580403645836,1.0,0.0,0.0,1,0.8988836050414138
Backpack_0,5156,noise,sigma,25.0,6054.756202231261,6.895401573083864,47.79951816134982,0.060448540581597224,1.0,0.0,0.0,1,0.8962043303135605
Backpack_0,5156,noise,sigma,50.0,16706.02627792458,7.082520298843538,53.185577392578125,0.07917616102430555,0.0,0.0,0.0,0,0.9170876937332875
Backpack_0,5156,dark,gamma,2.0,483.0934755996698,5.0012170320765295,12.821975708007812,0.4529164632161458,0.0,0.0,0.0,0,0.22228693742410072
Backpack_0,5156,dark,gamma,3.0,199.61552016809298,3.2409644578440115,4.711185031467014,0.8279995388454862,0.0,0.0,0.0,0,0.035219895051302345
Backpack_0,5156,dark,gamma,4.5,75.62780412475085,1.4608853334951586,1.5607215033637152,0.9464670817057291,0.0,0.0,0.0,1,0.00388279414856792
Backpack_0,5156,overexpose,gamma,0.5,2344.5790085103104,7.2073695169612355,99.29966566297743,0.0017717149522569445,0.4,0.0,0.0,4,0.6426504652394619
Backpack_0,5156,overexpose,gamma,0.3,2663.079198985142,7.129060401566637,140.1513468424479,0.001202053493923611,0.6666666666666666,0.0,0.0,2,0.3242470888814336
Backpack_0,5156,overexpose,gamma,0.15,3089.742600665588,6.6854695289930754,184.17498440212674,0.001202053493923611,1.0,0.0,0.0,1,0.0
Backpack_0,5156,jpeg,quality,30.0,1280.6736603010604,6.763296842993741,46.397681342230904,0.036031087239583336,0.6666666666666666,0.0,0.0,2,0.8493783402088981
Backpack_0,5156,jpeg,quality,10.0,906.4919548056716,6.68605328767119,46.625245836046005,0.023503621419270832,0.6666666666666666,0.0,0.0,2,0.8110795174754317
Backpack_0,5156,jpeg,quality,3.0,427.0920850095442,2.9783452206522174,46.382103814019096,0.08918592664930555,0.0,0.0,0.0,1,0.29921820706436897
Backpack_0,5462,baseline,none,0.0,2054.7131129000077,6.88677275177945,51.76521470811632,0.047783745659722224,1.0,0.0,0.0,2,0.9377863905459058
Backpack_0,5462,gauss_blur,sigma,1.0,115.6120426055895,6.784909570023765,51.801727294921875,0.034691704644097224,1.0,0.0,0.0,2,0.5928561391364913
Backpack_0,5462,gauss_blur,sigma,2.0,7.787533225181203,6.616313592237047,51.80419243706597,0.0310211181640625,0.0,0.0,0.0,0,0.2650344545648736
Backpack_0,5462,gauss_blur,sigma,4.0,2.2086740976377714,6.4469944182071295,51.80900234646268,0.026429918077256944,0.0,0.0,0.0,3,0.1391977200264038
Backpack_0,5462,gauss_blur,sigma,8.0,1.7285461308043681,6.278418887858631,51.80974833170573,0.017996893988715276,0.0,0.0,0.0,1,0.11772304493834553
Backpack_0,5462,motion_blur,kernel_px,9.0,200.41191898286354,6.748201231758385,51.80535210503472,0.032765706380208336,1.0,0.0,0.0,2,0.6586935074032877
Backpack_0,5462,motion_blur,kernel_px,21.0,82.401133245708,6.582703746910816,51.80834452311198,0.027686225043402776,0.5,0.0,0.0,2,0.5385827453387865
Backpack_0,5462,motion_blur,kernel_px,41.0,41.92282737963717,6.456882885569322,51.806832207573784,0.020728217230902776,0.0,0.0,0.0,3,0.45216784739270927
Backpack_0,5462,noise,sigma,10.0,2856.560506130258,7.017130214298186,51.69726901584201,0.04891628689236111,0.8,0.0,0.0,3,0.9361661521201042
Backpack_0,5462,noise,sigma,25.0,6567.478529797658,7.097867983090116,53.28018018934462,0.06376478407118055,0.0,0.0,0.0,3,0.9331284974517378
Backpack_0,5462,noise,sigma,50.0,17168.82128208951,7.238175427485423,58.28369649251302,0.07884385850694445,0.0,0.0,0.0,3,0.888204855963309
Backpack_0,5462,dark,gamma,2.0,906.0356923443737,5.301098736572126,18.054812961154514,0.4483964708116319,1.0,0.0,0.0,2,0.27740923006127005
Backpack_0,5462,dark,gamma,3.0,501.98668399507187,3.6317171473176555,9.068456013997396,0.7771063910590278,0.0,0.0,0.0,2,0.06332108898968573
Backpack_0,5462,dark,gamma,4.5,311.70593431212285,1.9540509381623206,5.042534722222222,0.9109259711371528,0.0,0.0,0.0,0,0.011967651139055006
Backpack_0,5462,overexpose,gamma,0.5,2903.2321657921043,7.407053489890195,103.3411136203342,0.009436713324652778,1.0,0.0,0.0,2,0.6064399485099043
Backpack_0,5462,overexpose,gamma,0.3,3132.8293067679433,7.32126342314154,142.79190572102866,0.010062323676215278,0.0,0.0,0.0,2,0.3009489276336813
Backpack_0,5462,overexpose,gamma,0.15,3499.5337904277667,6.8700099855199825,185.33104281955295,0.012524074978298612,0.0,0.0,0.0,2,0.0
Backpack_0,5462,jpeg,quality,30.0,1872.3758577770657,6.98327309145227,51.941202799479164,0.048331366644965276,1.0,0.0,0.0,2,0.9311446162574505
Backpack_0,5462,jpeg,quality,10.0,1336.4134095730576,6.86522567015052,52.19061787923177,0.028471204969618056,0.0,0.0,0.0,2,0.909858655946918
Backpack_0,5462,jpeg,quality,3.0,660.1891915085209,3.6574555182871102,51.98484802246094,0.10800849066840278,0.0,0.0,0.0,2,0.40357284821598505
Backpack_0,5643,baseline,none,0.0,1925.7061024291527,6.863161081914885,50.53913709852431,0.05122714572482639,1.0,0.0,0.0,2,0.9214203943801099
Backpack_0,5643,gauss_blur,sigma,1.0,106.30463829344242,6.76899084647594,50.57942030164931,0.03671095106336805,1.0,0.0,0.0,2,0.5742899541650958
Backpack_0,5643,gauss_blur,sigma,2.0,7.527194551560154,6.60744679372352,50.58178371853299,0.032501220703125,0.5,0.0,0.0,2,0.25809162154327175
Backpack_0,5643,gauss_blur,sigma,4.0,2.2073567707298527,6.448149588285224,50.5816396077474,0.027230156792534724,0.0,0.0,0.0,1,0.137705774736192
Backpack_0,5643,gauss_blur,sigma,8.0,1.735180323940621,6.28798597030507,50.58123101128472,0.018517388237847224,0.0,0.0,0.0,2,0.11697425573547081
Backpack_0,5643,motion_blur,kernel_px,9.0,192.58001008039972,6.732102526142604,50.58253479003906,0.034417046440972224,1.0,0.0,0.0,2,0.6447823635364099
Backpack_0,5643,motion_blur,kernel_px,21.0,79.73492515933079,6.57165008807627,50.58707851833768,0.028394911024305556,0.6666666666666666,0.0,0.0,4,0.5281750278315736
Backpack_0,5643,motion_blur,kernel_px,41.0,41.36444850056433,6.448658450134353,50.58616807725694,0.020558675130208332,0.5,0.0,0.0,2,0.445739957238069
Backpack_0,5643,noise,sigma,10.0,2726.126412148783,6.989310991619361,50.496246337890625,0.05303615993923611,0.8,0.0,0.0,3,0.9232255465411319
Backpack_0,5643,noise,sigma,25.0,6414.124874940073,7.07515889923588,52.19075181749132,0.06824578179253472,0.0,0.0,0.0,2,0.9207320606243611
Backpack_0,5643,noise,sigma,50.0,16832.240285577533,7.2195969059996274,57.304104275173614,0.0824398464626736,0.0,0.0,0.0,2,0.8917596492314103
Backpack_0,5643,dark,gamma,2.0,803.9767519363927,5.228813085608142,17.592369927300346,0.4660797119140625,0.8,0.0,0.0,3,0.25890923003730526
Backpack_0,5643,dark,gamma,3.0,418.74816044645064,3.5429069964180644,8.8880615234375,0.7906697591145834,0.0,0.0,0.0,1,0.05620462333802226
Backpack_0,5643,dark,gamma,4.5,241.25771051947666,1.8839278123228889,4.956188625759548,0.9090694851345487,0.0,0.0,0.0,1,0.011243085465003024
Backpack_0,5643,overexpose,gamma,0.5,2791.270626259321,7.396868693343567,101.6905500623915,0.009743584526909722,1.0,0.0,0.0,2,0.6190214606641449
Backpack_0,5643,overexpose,gamma,0.3,3034.8010167206994,7.320159408730044,141.2404293484158,0.010104709201388888,0.8,0.0,0.0,3,0.3129344729956004
Backpack_0,5643,overexpose,gamma,0.15,3379.5446896374583,6.887755432679737,184.16068691677518,0.012644449869791666,0.0,0.0,0.0,2,0.0
Backpack_0,5643,jpeg,quality,30.0,1735.601437038431,6.9547592975292725,50.74659898546007,0.050837198893229164,1.0,0.0,0.0,2,0.91064954117048
Backpack_0,5643,jpeg,quality,10.0,1216.0675520300865,6.825968841683483,50.93539598253038,0.030054728190104168,0.0,0.0,0.0,1,0.8875803485916872
Backpack_0,5643,jpeg,quality,3.0,551.6170365758396,3.540308359966276,50.76840379503038,0.11935255262586805,0.0,0.0,0.0,2,0.3714128334669579
Backpack_0,5878,baseline,none,0.0,2522.7115152847878,6.736305000152173,45.63336520724826,0.057317097981770836,1.0,0.0,0.0,2,0.8725638386187902
Backpack_0,5878,gauss_blur,sigma,1.0,129.67233060603607,6.604617537839252,45.67784457736545,0.03480868869357639,0.6666666666666666,0.0,0.0,1,0.5621422699611207
Backpack_0,5878,gauss_blur,sigma,2.0,8.215786399929154,6.402422278509258,45.68077935112847,0.029386732313368056,0.6666666666666666,0.0,0.0,1,0.24977547703027794
Backpack_0,5878,gauss_blur,sigma,4.0,2.2226647267572264,6.199961566835357,45.680665757921005,0.024614122178819444,0.6666666666666666,0.0,0.0,1,0.1280722600521634
Backpack_0,5878,gauss_blur,sigma,8.0,1.741204155769981,5.966231467707305,45.68110995822482,0.019690619574652776,0.0,0.0,0.0,1,0.10673893740620574
Backpack_0,5878,motion_blur,kernel_px,9.0,270.3806573663476,6.556996551906,45.680335150824654,0.032501220703125,0.8,0.0,0.0,3,0.6433416077533053
Backpack_0,5878,motion_blur,kernel_px,21.0,113.90682965719404,6.361026272961343,45.68244425455729,0.026516384548611112,0.0,0.0,0.0,2,0.5316727789713309
Backpack_0,5878,motion_blur,kernel_px,41.0,58.70236694495148,6.183687615706888,45.681298149956596,0.021753946940104168,0.0,0.0,0.0,3,0.44769356988948505
Backpack_0,5878,noise,sigma,10.0,3300.6741172995107,6.856449437933639,45.675162421332466,0.05883449978298611,0.0,0.0,0.0,0,0.8821238250309784
Backpack_0,5878,noise,sigma,25.0,6936.156729498349,6.918582574082792,47.43482632107205,0.07221476236979167,0.0,0.0,0.0,1,0.8823375507698209
Backpack_0,5878,noise,sigma,50.0,17318.30268344521,7.069669134944823,52.83177693684896,0.0852237277560764,0.0,0.0,0.0,2,0.908536162316343
Backpack_0,5878,dark,gamma,2.0,926.6082605167212,5.0316038569678305,12.695929633246529,0.4699011908637153,0.0,0.0,0.0,1,0.2391426936026155
Backpack_0,5878,dark,gamma,3.0,389.99915717693654,3.3164344992000596,4.49076673719618,0.7961578369140625,0.0,0.0,0.0,2,0.04795420180997614
Backpack_0,5878,dark,gamma,4.5,152.7976887798236,1.598223641232998,1.3164842393663194,0.9432169596354166,0.0,0.0,0.0,1,0.005212328656880341
Backpack_0,5878,overexpose,gamma,0.5,3858.7151514435227,7.331876127396926,97.2445068359375,0.006500244140625,0.0,0.0,0.0,3,0.6555578412108944
Backpack_0,5878,overexpose,gamma,0.3,4417.856354094476,7.26972358884572,137.10233052571616,0.0033433702256944445,0.0,0.0,0.0,2,0.34729273698039714
Backpack_0,5878,overexpose,gamma,0.15,5302.631394154392,6.852772467980932,180.37460666232639,0.003387451171875,0.0,0.0,0.0,1,0.010357896834951474
Backpack_0,5878,jpeg,quality,30.0,2196.0723711406285,6.836327599734728,45.91769578721788,0.05747646755642361,0.8,0.0,0.0,3,0.885182550460426
Backpack_0,5878,jpeg,quality,10.0,1540.3548803726376,6.728483852559103,46.111763848198784,0.04162258572048611,0.0,0.0,0.0,2,0.8597230590093439
Backpack_0,5878,jpeg,quality,3.0,671.3371411046867,3.8485555944454313,45.49312845865885,0.11279296875,0.0,0.0,0.0,0,0.40169957249258287
Backpack_0,5988,baseline,none,0.0,2373.1597466152825,6.79427119684764,47.01616923014323,0.05922275119357639,1.0,0.0,0.0,2,0.8884201374572729
Backpack_0,5988,gauss_blur,sigma,1.0,135.589913206724,6.684102331742638,47.05804951985677,0.036509195963541664,0.8,0.0,0.0,3,0.5796598768111532
Backpack_0,5988,gauss_blur,sigma,2.0,8.45497808375189,6.499029421740079,47.061241997612846,0.03135342068142361,0.6666666666666666,0.0,0.0,1,0.25889493898372296
Backpack_0,5988,gauss_blur,sigma,4.0,2.2464565699920067,6.312430851118138,47.06128607855903,0.026465521918402776,0.0,0.0,0.0,1,0.13247318445302483
Backpack_0,5988,gauss_blur,sigma,8.0,1.741799246493934,6.104925392788294,47.05738661024306,0.020936754014756944,0.0,0.0,0.0,1,0.11035645600647927
Backpack_0,5988,motion_blur,kernel_px,9.0,247.9910401061269,6.641791308039939,47.059916178385414,0.03460354275173611,0.6666666666666666,0.0,0.0,1,0.6476155506283628
Backpack_0,5988,motion_blur,kernel_px,21.0,102.46361415014592,6.464069909029233,47.06125725640191,0.028169420030381944,0.0,0.0,0.0,2,0.5335030576939466
Backpack_0,5988,motion_blur,kernel_px,41.0,52.28690423070233,6.29833821146517,47.061708238389755,0.023790147569444444,0.0,0.0,0.0,2,0.44748522176571404
Backpack_0,5988,noise,sigma,10.0,3155.5680041013743,6.9136654089015295,47.05760531955295,0.060509575737847224,0.6666666666666666,0.0,0.0,1,0.8907006422421007
Backpack_0,5988,noise,sigma,25.0,6805.6931389673255,6.97804902018827,48.85896131727431,0.07376776801215278,0.5,0.0,0.0,2,0.8911659297603668
Backpack_0,5988,noise,sigma,50.0,17276.33438551261,7.1169101697214865,54.203409830729164,0.08563910590277778,0.0,0.0,0.0,0,0.9107999871078919
Backpack_0,5988,dark,gamma,2.0,897.5281998413463,5.1031874645933595,13.867487589518229,0.4687601725260417,0.6666666666666666,0.0,0.0,1,0.24519216053014278
Backpack_0,5988,dark,gamma,3.0,394.29377570572404,3.417996822377626,5.270809597439236,0.7804328070746528,0.6666666666666666,0.0,0.0,1,0.05386084409208537
Backpack_0,5988,dark,gamma,4.5,165.71871267083205,1.7375345489501623,1.7106424967447917,0.9287380642361112,0.0,0.0,0.0,0,0.007263181742771768
Backpack_0,5988,overexpose,gamma,0.5,3621.3806671283933,7.374187905974225,98.29058159722223,0.003826565212673611,0.8,0.0,0.0,3,0.6491808736265267
Backpack_0,5988,overexpose,gamma,0.3,4153.968875447884,7.308750827883266,137.86321682400174,0.0028822157118055555,0.6666666666666666,0.0,0.0,1,0.34152613875693655
Backpack_0,5988,overexpose,gamma,0.15,4985.872724688667,6.895162170161196,180.87942674424914,0.002907647026909722,0.6666666666666666,0.0,0.0,1,0.006430444087954166
Backpack_0,5988,jpeg,quality,30.0,2114.7879228289758,6.8886630682394445,47.316253662109375,0.059626261393229164,1.0,0.0,0.0,2,0.8934382881263311
Backpack_0,5988,jpeg,quality,10.0,1556.524091081854,6.787245696446531,47.63287862141927,0.038930257161458336,0.5,0.0,0.0,2,0.8819061662227479
Backpack_0,5988,jpeg,quality,3.0,684.8688640629409,3.978489100182607,46.78149922688802,0.12201775444878472,0.0,0.0,0.0,1,0.41663501011846976
Backpack_0,6069,baseline,none,0.0,2383.7213146082113,6.76558602091688,45.941677517361114,0.062245686848958336,1.0,0.0,0.0,0,0.8740159963648545
Backpack_0,6069,gauss_blur,sigma,1.0,141.68063862370843,6.646440125860611,45.98278130425347,0.042641533745659724,1.0,0.0,0.0,0,0.5726868859803402
Backpack_0,6069,gauss_blur,sigma,2.0,8.692770977881104,6.452092876749846,45.984588623046875,0.03771803114149305,1.0,0.0,0.0,0,0.2558691490351399
Backpack_0,6069,gauss_blur,sigma,4.0,2.247701006527576,6.260848402867367,45.98259819878472,0.032357109917534724,1.0,0.0,0.0,0,0.12947684193318088
Backpack_0,6069,gauss_blur,sigma,8.0,1.7400241426111742,6.049074573810651,45.98414781358507,0.025241427951388888,0.0,0.0,0.0,1,0.10783399886347705
Backpack_0,6069,motion_blur,kernel_px,9.0,261.4836720327076,6.598104332418656,45.982815212673614,0.040944417317708336,0.0,0.0,0.0,1,0.6395162395217707
Backpack_0,6069,motion_blur,kernel_px,21.0,113.60311835631721,6.421252150774063,45.98329332139757,0.034901936848958336,0.0,0.0,0.0,2,0.5331201039382079
Backpack_0,6069,motion_blur,kernel_px,41.0,61.2244702618868,6.262446562977452,45.98360019259982,0.029820760091145832,0.0,0.0,0.0,1,0.45535098494136667
Backpack_0,6069,noise,sigma,10.0,3168.5990844174144,6.877930429624954,45.99060736762153,0.059850056966145836,0.0,0.0,0.0,1,0.883488894646049
Backpack_0,6069,noise,sigma,25.0,6799.797194246614,6.936253767184665,47.80786471896701,0.07358805338541667,1.0,0.0,0.0,0,0.8837314308241022
Backpack_0,6069,noise,sigma,50.0,17299.670989864942,7.0820493841834855,53.22569783528646,0.08531697591145833,1.0,0.0,0.0,0,0.911258493676373
Backpack_0,6069,dark,gamma,2.0,929.2878218063436,5.066409882894643,12.999891493055555,0.4661797417534722,1.0,0.0,0.0,0,0.24343744595751252
Backpack_0,6069,dark,gamma,3.0,401.8661242242599,3.3785018465201007,4.6436004638671875,0.7816992865668403,1.0,0.0,0.0,0,0.052680788361516656
Backpack_0,6069,dark,gamma,4.5,157.06060956756266,1.671335947577192,1.3492991129557292,0.9432186550564237,1.0,0.0,0.0,0,0.005482580939742021
Backpack_0,6069,overexpose,gamma,0.5,3495.192939890477,7.356368335975909,97.27700636121962,0.002972073025173611,0.0,0.0,0.0,4,0.6576327464402614
Backpack_0,6069,overexpose,gamma,0.3,3900.1876642870247,7.2958784363787705,137.04203626844617,0.0022108289930555555,0.0,0.0,0.0,1,0.34815738723813827
Backpack_0,6069,overexpose,gamma,0.15,4551.637783620272,6.882322808330443,180.385501437717,0.002265082465277778,0.0,0.0,0.0,2,0.010284639089217411
Backpack_0,6069,jpeg,quality,30.0,2196.147256545443,6.851196176382429,46.21801249186198,0.061065673828125,0.0,0.0,0.0,1,0.8840146538018921
Backpack_0,6069,jpeg,quality,10.0,1627.822678583352,6.737250003034909,46.519163343641495,0.03682284884982639,0.0,0.0,0.0,1,0.8746091471381862
Backpack_0,6069,jpeg,quality,3.0,754.7055562204528,4.098344730114947,45.67103407118056,0.12698194715711805,1.0,0.0,0.0,0,0.42912406149645543
Backpack_0,6133,baseline,none,0.0,2140.007660617084,6.828780502940441,48.64986334906684,0.0615386962890625,1.0,0.0,0.0,1,0.9013989704277872
Backpack_0,6133,gauss_blur,sigma,1.0,132.07511732054667,6.758003644196308,48.6957041422526,0.043814765082465276,1.0,0.0,0.0,1,0.5863486238389547
Backpack_0,6133,gauss_blur,sigma,2.0,8.233966390633908,6.587956810935857,48.699159410264755,0.039118448893229164,1.0,0.0,0.0,1,0.26106939603445833
Backpack_0,6133,gauss_blur,sigma,4.0,2.184527912484713,6.416290634863827,48.70003763834635,0.033879597981770836,0.0,0.0,0.0,1,0.13321668126839872
Backpack_0,6133,gauss_blur,sigma,8.0,1.7007327599215234,6.227188640163317,48.700764973958336,0.027545505099826388,0.0,0.0,0.0,1,0.11162529304426581
Backpack_0,6133,motion_blur,kernel_px,9.0,239.8161705840626,6.715724477962812,48.69784715440538,0.041861640082465276,0.0,0.0,0.0,1,0.6546877932364223
Backpack_0,6133,motion_blur,kernel_px,21.0,108.1654476584769,6.558968888385116,48.69955274793837,0.03654649522569445,0.0,0.0,0.0,1,0.55020355944497
Backpack_0,6133,motion_blur,kernel_px,41.0,59.19698757456362,6.413326591956879,48.70052931043837,0.032587687174479164,0.0,0.0,0.0,2,0.47168208433477143
Backpack_0,6133,noise,sigma,10.0,2929.5388945750638,6.962287546280701,48.71390618218316,0.05965847439236111,1.0,0.0,0.0,1,0.9036754227929997
Backpack_0,6133,noise,sigma,25.0,6588.829104216146,7.030109943516356,50.499082777235245,0.07141791449652778,0.0,0.0,0.0,1,0.9053251590861086
Backpack_0,6133,noise,sigma,50.0,17130.688798736268,7.163254157472814,55.7992435031467,0.0827975802951389,0.0,0.0,0.0,0,0.9021952707898218
Backpack_0,6133,dark,gamma,2.0,837.2884623099139,5.180268184264742,15.125064425998264,0.4636179606119792,0.0,0.0,0.0,0,0.2522886290681382
Backpack_0,6133,dark,gamma,3.0,360.8196936125528,3.535350452492919,6.088826497395833,0.7623850504557291,0.0,0.0,0.0,0,0.06000784061333915
Backpack_0,6133,dark,gamma,4.5,137.37769056584997,1.8988578159323093,2.1658732096354165,0.9090203179253472,0.0,0.0,0.0,0,0.00982325007866136
Backpack_0,6133,overexpose,gamma,0.5,3134.607161955137,7.406957021407405,99.67024061414931,0.0030958387586805555,0.5,0.0,0.0,3,0.6389118521534934
Backpack_0,6133,overexpose,gamma,0.3,3523.078142393722,7.342560931268765,138.97367689344617,0.0018903944227430555,0.6666666666666666,0.0,0.0,2,0.3332067815416749
Backpack_0,6133,overexpose,gamma,0.15,4203.898703373738,6.91294202240411,181.7758026123047,0.0019090440538194445,0.0,0.0,0.0,1,0.0
Backpack_0,6133,jpeg,quality,30.0,2044.620532978418,6.916176356836199,48.8917728000217,0.060984293619791664,0.5,0.0,0.0,3,0.903706140557511
Backpack_0,6133,jpeg,quality,10.0,1523.2297668501158,6.74318440464508,49.16922166612413,0.03630405002170139,1.0,0.0,0.0,1,0.8870305216346013
Backpack_0,6133,jpeg,quality,3.0,731.408057291187,4.12702003451953,48.277072482638886,0.120758056640625,0.0,0.0,0.0,0,0.4425604051134365
Backpack_0,6400,baseline,none,0.0,2591.5661092514356,6.61206798953013,39.81675889756944,0.12945048014322916,1.0,0.0,0.0,1,0.7525738592207752
Backpack_0,6400,gauss_blur,sigma,1.0,142.1578130608792,6.514832552410826,39.85615030924479,0.096771240234375,0.0,0.0,0.0,0,0.5029695342584556
Backpack_0,6400,gauss_blur,sigma,2.0,9.532312954462672,6.309435394172109,39.85980563693576,0.08678351508246528,0.0,0.0,0.0,0,0.233604237950685
Backpack_0,6400,gauss_blur,sigma,4.0,2.1140255018074154,6.097691107178406,39.85811191134982,0.07723151312934028,0.0,0.0,0.0,1,0.11005896661153201
Backpack_0,6400,gauss_blur,sigma,8.0,1.678510876889858,5.873307392570183,39.853061252170136,0.06881883409288195,0.0,0.0,0.0,0,0.09278332422683223
Backpack_0,6400,motion_blur,kernel_px,9.0,290.599432519729,6.461570017017753,39.85639784071181,0.09248182508680555,0.0,0.0,0.0,2,0.5730636073658246
Backpack_0,6400,motion_blur,kernel_px,21.0,121.95687957128429,6.270356545508747,39.85935804578993,0.08151753743489583,0.0,0.0,0.0,1,0.47719885762495784
Backpack_0,6400,motion_blur,kernel_px,41.0,63.393672547303126,6.096865566307638,39.861348470052086,0.07284715440538195,0.0,0.0,0.0,1,0.4054224700821083
Backpack_0,6400,noise,sigma,10.0,3320.767239961956,6.734538555117303,40.09413486056857,0.1080780029296875,1.0,0.0,0.0,1,0.7872405055941708
Backpack_0,6400,noise,sigma,25.0,6677.594946929874,6.796149870515628,42.32066006130643,0.1045566134982639,1.0,0.0,0.0,1,0.8131036071807848
Backpack_0,6400,noise,sigma,50.0,16462.527625883824,6.957847540831343,48.2992672390408,0.10456000434027778,1.0,0.0,0.0,1,0.8576240493721231
Backpack_0,6400,dark,gamma,2.0,925.9527042263451,4.6777171804744215,10.344097561306423,0.5479515923394097,1.0,0.0,0.0,1,0.18444414565967254
Backpack_0,6400,dark,gamma,3.0,376.3247882646429,2.939032474671003,3.364134046766493,0.8283945719401041,0.0,0.0,0.0,1,0.03505446955247091
Backpack_0,6400,dark,gamma,4.5,135.20943356318872,1.3251187731823315,0.8291982014973959,0.9643741183810763,0.0,0.0,0.0,1,0.0026289714960996318
Backpack_0,6400,overexpose,gamma,0.5,4110.788952718075,7.355272116787045,88.19384765625,0.014902750651041666,0.0,0.0,0.0,2,0.7196679994838767
Backpack_0,6400,overexpose,gamma,0.3,4864.443400271095,7.3491835084201185,127.02194722493489,0.004908243815104167,0.0,0.0,0.0,2,0.42511390027330326
Backpack_0,6400,overexpose,gamma,0.15,6087.486422105889,6.960601147134298,170.37889099121094,0.004948933919270833,0.0,0.0,0.0,1,0.088046727049476
Backpack_0,6400,jpeg,quality,30.0,2240.499952712749,6.699420776998504,40.10426669650607,0.128448486328125,0.6666666666666666,0.0,0.0,2,0.7653172382764294
Backpack_0,6400,jpeg,quality,10.0,1656.5948841086806,6.558807985136776,40.38262600368924,0.10024346245659722,0.0,0.0,0.0,0,0.7567684316303193
Backpack_0,6400,jpeg,quality,3.0,892.8569673962069,4.274866827548424,39.92436048719618,0.2028164333767361,0.0,0.0,0.0,0,0.39900485170598227
Backpack_0,6438,baseline,none,0.0,2555.519432712481,6.611606009592946,39.46229892306857,0.12501356336805555,1.0,0.0,0.0,0,0.7540072080795903
Backpack_0,6438,gauss_blur,sigma,1.0,143.1111981609239,6.516523883022439,39.496914333767364,0.093048095703125,1.0,0.0,0.0,0,0.504257491852757
Backpack_0,6438,gauss_blur,sigma,2.0,8.998050176802977,6.314418257571714,39.50121392144097,0.08387586805555555,1.0,0.0,0.0,0,0.22862702933168014
Backpack_0,6438,gauss_blur,sigma,4.0,2.061026671070629,6.112986004871981,39.50207010904948,0.07452901204427083,1.0,0.0,0.0,0,0.10864598162125304
Backpack_0,6438,gauss_blur,sigma,8.0,1.6548190600710142,5.901965933202087,39.50230746799045,0.06496344672309028,1.0,0.0,0.0,0,0.09249276800607076
Backpack_0,6438,motion_blur,kernel_px,9.0,281.7627447858701,6.465883590785718,39.50258551703559,0.08934868706597222,0.0,0.0,0.0,1,0.5705320321107518
Backpack_0,6438,motion_blur,kernel_px,21.0,118.25717619544093,6.282048180159792,39.505179511176216,0.07826741536458333,0.0,0.0,0.0,2,0.4752550295871048
Backpack_0,6438,motion_blur,kernel_px,41.0,61.398406176000016,6.117652363499489,39.510460747612846,0.0698886447482639,1.0,0.0,0.0,0,0.4037738072929082
Backpack_0,6438,noise,sigma,10.0,3286.94148105286,6.722672936451322,39.73460218641493,0.10452948676215278,0.0,0.0,0.0,1,0.7865001693810684
Backpack_0,6438,noise,sigma,25.0,6693.039489748551,6.787519590291552,41.97783067491319,0.10188123914930555,1.0,0.0,0.0,0,0.8121028660014427
Backpack_0,6438,noise,sigma,50.0,16361.19997221434,6.952523978436359,47.97490776909722,0.1030392116970486,1.0,0.0,0.0,0,0.8568076653852955
Backpack_0,6438,dark,gamma,2.0,934.6629702729276,4.652945713230548,10.144509209526909,0.5533498128255209,0.0,0.0,0.0,2,0.181096597739955
Backpack_0,6438,dark,gamma,3.0,391.6795685784519,2.8934196261791,3.274832831488715,0.8356696234809028,0.0,0.0,0.0,1,0.033231314616595564
Backpack_0,6438,dark,gamma,4.5,151.54773430399496,1.2801373857024765,0.8105400933159722,0.9652896457248263,1.0,0.0,0.0,0,0.002530877212118006
Backpack_0,6438,overexpose,gamma,0.5,3996.208468794335,7.358469707948036,87.83555094401042,0.027464124891493056,0.0,0.0,0.0,2,0.7132135368510155
Backpack_0,6438,overexpose,gamma,0.3,4696.356346160068,7.363848788485946,126.639404296875,0.005733913845486111,0.0,0.0,0.0,2,0.4277326453116131
Backpack_0,6438,overexpose,gamma,0.15,5857.269997986641,6.968609885119379,169.87596978081598,0.00579833984375,0.0,0.0,0.0,1,0.0918778575408699
Backpack_0,6438,jpeg,quality,30.0,2350.075797598783,6.692362284098917,39.75474887424045,0.12357245551215278,0.0,0.0,0.0,1,0.7664392427843476
Backpack_0,6438,jpeg,quality,10.0,1784.182825847767,6.533964626463053,39.998928493923614,0.09446546766493055,1.0,0.0,0.0,0,0.7637689311488554
Backpack_0,6438,jpeg,quality,3.0,877.8961605464577,4.188224472570145,39.560731675889755,0.1867591010199653,1.0,0.0,0.0,0,0.39653500223496496
Backpack_0,6515,baseline,none,0.0,2531.469929589166,6.704948979464793,42.89015367296007,0.0886501736111111,1.0,0.0,0.0,2,0.820429215874482
Backpack_0,6515,gauss_blur,sigma,1.0,148.95262311670334,6.6298068957598,42.9259524875217,0.0617218017578125,0.6666666666666666,0.0,0.0,1,0.551107521016535
Backpack_0,6515,gauss_blur,sigma,2.0,8.858298407657717,6.447885271743516,42.931215074327255,0.055074055989583336,0.0,0.0,0.0,1,0.2465406466334032
Backpack_0,6515,gauss_blur,sigma,4.0,2.0868242051837576,6.269414728444339,42.93633524576823,0.04911465115017361,0.0,0.0,0.0,1,0.11882586455666434
Backpack_0,6515,gauss_blur,sigma,8.0,1.684029472368068,6.073505100448851,42.93696594238281,0.04154798719618055,0.0,0.0,0.0,1,0.10163576968061527
Backpack_0,6515,motion_blur,kernel_px,9.0,287.80394135736344,6.5878499715781205,42.92921108669705,0.058722601996527776,0.0,0.0,0.0,1,0.6212538357777004
Backpack_0,6515,motion_blur,kernel_px,21.0,125.55200184494213,6.428580364080242,42.935606214735245,0.051905314127604164,0.0,0.0,0.0,3,0.5217289731029335
Backpack_0,6515,motion_blur,kernel_px,41.0,66.20960642477601,6.284223878989022,42.93975490993924,0.047053019205729164,0.0,0.0,0.0,2,0.4456220812758144
Backpack_0,6515,noise,sigma,10.0,3283.889769946248,6.825274161946011,43.067772759331596,0.08039686414930555,0.0,0.0,0.0,0,0.8431815929455936
Backpack_0,6515,noise,sigma,25.0,6775.682350668224,6.884830407218169,45.108483208550346,0.08776007758246528,0.0,0.0,0.0,0,0.8509741697906537
Backpack_0,6515,noise,sigma,50.0,16856.683201899305,7.033852709719261,50.79685804578993,0.0937771267361111,0.0,0.0,0.0,0,0.8856341565357676
Backpack_0,6515,dark,gamma,2.0,957.8507232258967,4.876287866058297,11.86948988172743,0.5203450520833334,0.0,0.0,0.0,0,0.20872137414914754
Backpack_0,6515,dark,gamma,3.0,407.6468726263387,3.1557290000261116,4.197699652777778,0.8043789333767362,0.0,0.0,0.0,0,0.04394994893324072
Backpack_0,6515,dark,gamma,4.5,155.97041828708473,1.5318694964417234,1.250612046983507,0.9464484320746528,0.0,0.0,0.0,0,0.004726596484302325
Backpack_0,6515,overexpose,gamma,0.5,3799.566188941766,7.403176796980957,92.62319946289062,0.006354437934027778,0.6666666666666666,0.0,0.0,1,0.691528594454504
Backpack_0,6515,overexpose,gamma,0.3,4303.334140352801,7.384329207616662,132.06788126627603,0.002444797092013889,0.6666666666666666,0.0,0.0,1,0.38684132873490473
Backpack_0,6515,overexpose,gamma,0.15,5176.458018696738,6.972842765014827,175.82446797688803,0.0024871826171875,0.5,0.0,0.0,2,0.0458267976343146
Backpack_0,6515,jpeg,quality,30.0,2292.330081951183,6.800406132130867,43.190185546875,0.0901947021484375,0.8,0.0,0.0,3,0.8328261419460982
Backpack_0,6515,jpeg,quality,10.0,1708.8597194241256,6.679069541261891,43.50896538628472,0.06243557400173611,0.0,0.0,0.0,1,0.82837360852189
Backpack_0,6515,jpeg,quality,3.0,837.8639577928884,4.279562375022112,42.80920918782552,0.1483069525824653,0.0,0.0,0.0,0,0.43344638289023535
Backpack_0,6542,baseline,none,0.0,2447.6142063361167,6.709317563385194,42.942898220486114,0.0894012451171875,1.0,0.0,0.0,0,0.8206563894255792
Backpack_0,6542,gauss_blur,sigma,1.0,154.3064218466314,6.630701780966538,42.98075527615018,0.06096055772569445,1.0,0.0,0.0,0,0.5557511291208439
Backpack_0,6542,gauss_blur,sigma,2.0,8.970536972085638,6.4417520383545614,42.98698425292969,0.054222954644097224,1.0,0.0,0.0,0,0.24786548592117855
Backpack_0,6542,gauss_blur,sigma,4.0,2.111936780310776,6.257851583365895,42.98966301812066,0.04800584581163195,1.0,0.0,0.0,0,0.1196530158274035
Backpack_0,6542,gauss_blur,sigma,8.0,1.6864861375019873,6.061044085295568,42.98832702636719,0.04099867078993055,0.0,0.0,0.0,1,0.10162391633937072
Backpack_0,6542,motion_blur,kernel_px,9.0,272.25646460718275,6.586721681292811,42.98665025499132,0.05809190538194445,0.0,0.0,0.0,1,0.6157944160775386
Backpack_0,6542,motion_blur,kernel_px,21.0,117.44061212513,6.422371741783353,42.990882025824654,0.050862630208333336,0.0,0.0,0.0,3,0.514900471596363
Backpack_0,6542,motion_blur,kernel_px,41.0,62.45869139547139,6.274258059267908,42.991514417860245,0.046090020073784724,0.0,0.0,0.0,3,0.4394807384151372
Backpack_0,6542,noise,sigma,10.0,3209.1673456982226,6.825848149772936,43.10107421875,0.0810512966579861,1.0,0.0,0.0,0,0.8428206262995692
Backpack_0,6542,noise,sigma,25.0,6694.348410748839,6.883907928941574,45.11747402615018,0.0876040988498264,1.0,0.0,0.0,0,0.8511837604233778
Backpack_0,6542,noise,sigma,50.0,16747.469460176784,7.032939906994763,50.84900919596354,0.09427897135416667,1.0,0.0,0.0,0,0.8855127321563756
Backpack_0,6542,dark,gamma,2.0,937.0689994694613,4.879407293904271,11.858796861436632,0.5178087022569444,1.0,0.0,0.0,0,0.20926323731362823
Backpack_0,6542,dark,gamma,3.0,404.51003976644563,3.159090143590631,4.172312418619792,0.8043924967447916,1.0,0.0,0.0,0,0.04392311830183742
Backpack_0,6542,dark,gamma,4.5,157.52102320871234,1.527760486057543,1.2235497368706598,0.9473893907335069,1.0,0.0,0.0,0,0.004638430933268333
Backpack_0,6542,overexpose,gamma,0.5,3738.902498799247,7.402188827514962,92.71795315212674,0.009089152018229166,0.0,0.0,0.0,1,0.688891832697832
Backpack_0,6542,overexpose,gamma,0.3,4371.349419706579,7.38232514930414,132.12673611111111,0.003414577907986111,0.0,0.0,0.0,2,0.38600702457839403
Backpack_0,6542,overexpose,gamma,0.15,5478.355434752987,6.967595668873569,175.78844028049045,0.003455268012152778,0.0,0.0,0.0,2,0.04606281660003505
Backpack_0,6542,jpeg,quality,30.0,2337.066438486866,6.800980438755694,43.243172539605034,0.0900115966796875,0.0,0.0,0.0,2,0.833439822578736
Backpack_0,6542,jpeg,quality,10.0,1760.613776771547,6.6780617414921455,43.508280436197914,0.06258985731336805,0.0,0.0,0.0,2,0.8314246430021626
Backpack_0,6542,jpeg,quality,3.0,885.8396043240289,4.302341367311154,42.9727291531033,0.1486884223090278,1.0,0.0,0.0,0,0.4397698398793887
Backpack_0,9558,baseline,none,0.0,2404.685298018982,6.738409544040315,43.92728847927518,0.06854078504774305,1.0,0.0,0.0,2,0.8501754043801253
Backpack_0,9558,gauss_blur,sigma,1.0,143.32591336357322,6.654570332072232,43.96448771158854,0.05230882432725695,0.6666666666666666,0.0,0.0,1,0.5593628364626108
Backpack_0,9558,gauss_blur,sigma,2.0,8.74391343802168,6.483183698417657,43.96662394205729,0.047856648763020836,0.6666666666666666,0.0,0.0,1,0.2507047596751853
Backpack_0,9558,gauss_blur,sigma,4.0,2.1769409153817425,6.313676204275134,43.965983072916664,0.041998969184027776,0.0,0.0,0.0,1,0.12472406328503037
Backpack_0,9558,gauss_blur,sigma,8.0,1.6979658285610055,6.132591602469421,43.96570163302951,0.033362494574652776,0.0,0.0,0.0,0,0.1049568989757342
Backpack_0,9558,motion_blur,kernel_px,9.0,275.8183207747119,6.6150439920625494,43.9684804280599,0.05038113064236111,0.5,0.0,0.0,2,0.6301760555693936
Backpack_0,9558,motion_blur,kernel_px,21.0,113.65719920800375,6.459600367668847,43.971132066514755,0.044464111328125,0.5,0.0,0.0,2,0.5221591557208022
Backpack_0,9558,motion_blur,kernel_px,41.0,56.83539336358404,6.32291224359487,43.96835496690538,0.038216484917534724,0.0,0.0,0.0,1,0.4401971058567052
Backpack_0,9558,noise,sigma,10.0,3173.9266304917323,6.846766858074547,44.04319932725694,0.06778971354166667,0.0,0.0,0.0,1,0.8618449819483364
Backpack_0,9558,noise,sigma,25.0,6738.089805036779,6.909369173728673,46.04411824544271,0.07976616753472222,0.0,0.0,0.0,1,0.8651577973589919
Backpack_0,9558,noise,sigma,50.0,16957.34659857406,7.057030007370188,51.75597805447049,0.0906795925564236,0.0,0.0,0.0,0,0.8954749685582764
Backpack_0,9558,dark,gamma,2.0,1002.8826533521836,4.963591870259497,12.427115546332466,0.5038909912109375,0.0,0.0,0.0,0,0.22264698760690663
Backpack_0,9558,dark,gamma,3.0,460.468455858517,3.2562050370616644,4.495703803168403,0.7940046522352431,0.0,0.0,0.0,0,0.048904689988950645
Backpack_0,9558,dark,gamma,4.5,191.68962133795395,1.6215669335456333,1.3424224853515625,0.9442935519748263,0.0,0.0,0.0,0,0.0054223227431948245
Backpack_0,9558,overexpose,gamma,0.5,3392.56489604771,7.372064066807652,94.11460706922743,0.0030653211805555555,0.4,0.0,0.0,3,0.6822017524941152
Backpack_0,9558,overexpose,gamma,0.3,3692.1867736114414,7.341208723063229,133.8091345893012,0.001468234592013889,0.0,0.0,0.0,1,0.37363646092027347
Backpack_0,9558,overexpose,gamma,0.15,4174.625439175713,6.955737057056358,177.68480088975696,0.0015326605902777778,0.0,0.0,0.0,2,0.03135907396808528
Backpack_0,9558,jpeg,quality,30.0,2235.2407141234467,6.795693945846835,44.20365566677518,0.06597730848524305,0.6666666666666666,0.0,0.0,1,0.8617724181736005
Backpack_0,9558,jpeg,quality,10.0,1651.0210023431978,6.627614405708754,44.40726216634115,0.03866746690538195,0.6666666666666666,0.0,0.0,1,0.8453311438689698
Backpack_0,9558,jpeg,quality,3.0,833.4620942114566,4.217864734330425,44.077394273546005,0.15262010362413195,0.0,0.0,0.0,0,0.42930120342131617
Backpack_0,10313,baseline,none,0.0,1969.2255439814835,6.931995205225541,52.01170010036893,0.07678053114149305,1.0,0.0,0.0,0,0.9098591831120139
Backpack_0,10313,gauss_blur,sigma,1.0,122.53673638196454,6.920867645709184,52.051820543077255,0.061248779296875,0.0,0.0,0.0,1,0.5876049042523154
Backpack_0,10313,gauss_blur,sigma,2.0,8.144685483983153,6.793031066942605,52.05726453993056,0.05555386013454861,1.0,0.0,0.0,0,0.2706277478130374
Backpack_0,10313,gauss_blur,sigma,4.0,2.1282297763714775,6.667762043548076,52.06267971462674,0.04815673828125,0.0,0.0,0.0,1,0.13796316818485382
Backpack_0,10313,gauss_blur,sigma,8.0,1.6693200004706727,6.524994448591395,52.064817640516495,0.037009345160590276,0.0,0.0,0.0,1,0.11759203382681799
Backpack_0,10313,motion_blur,kernel_px,9.0,232.91074804767368,6.895124589920179,52.054589165581596,0.058096991644965276,0.0,0.0,0.0,1,0.6677370945864846
Backpack_0,10313,motion_blur,kernel_px,21.0,93.08698387775155,6.781075287991386,52.0587649875217,0.049719916449652776,0.0,0.0,0.0,1,0.5581242045731193
Backpack_0,10313,motion_blur,kernel_px,41.0,47.9830189055194,6.678090043547597,52.060670640733505,0.0406951904296875,0.0,0.0,0.0,1,0.47517204507076843
Backpack_0,10313,noise,sigma,10.0,2743.8714286253476,7.07990953650915,52.12144639756944,0.0711856418185764,0.0,0.0,0.0,2,0.9173240723536574
Backpack_0,10313,noise,sigma,25.0,6334.677438902699,7.158651995020679,53.97469923231337,0.0776401095920139,0.0,0.0,0.0,1,0.9204159060350827
Backpack_0,10313,noise,sigma,50.0,16760.213494018084,7.273048031625664,59.06859164767795,0.0855255126953125,0.0,0.0,0.0,1,0.8761546641253517
Backpack_0,10313,dark,gamma,2.0,797.1594920073276,5.30951430741358,19.14480421278212,0.4745551215277778,0.0,0.0,0.0,1,0.2627687068490548
Backpack_0,10313,dark,gamma,3.0,364.8747723256641,3.7361663612289053,9.679082234700521,0.7384779188368056,0.0,0.0,0.0,1,0.07305227571926136
Backpack_0,10313,dark,gamma,4.5,161.051910248332,2.2042545445122306,5.0978749593098955,0.8726755777994791,0.0,0.0,0.0,2,0.01710126715369015
Backpack_0,10313,overexpose,gamma,0.5,2804.0607184003316,7.5137561084482165,101.27491590711806,0.007978651258680556,0.0,0.0,0.0,3,0.6233459761759959
Backpack_0,10313,overexpose,gamma,0.3,3053.2226286728715,7.453356737111452,139.55113220214844,0.006952921549479167,0.0,0.0,0.0,2,0.32703671588482125
Backpack_0,10313,overexpose,gamma,0.15,3513.8114439661936,7.01293355429701,181.6677008734809,0.011016845703125,0.0,0.0,0.0,2,0.0002876006914853056
Backpack_0,10313,jpeg,quality,30.0,1817.5363655451106,7.003085660066894,52.216647677951386,0.07528856065538195,0.0,0.0,0.0,2,0.9031679748607324
Backpack_0,10313,jpeg,quality,10.0,1401.8061773642712,6.728686279427046,52.45254686143663,0.03912692599826389,0.0,0.0,0.0,3,0.8957382718023557
Backpack_0,10313,jpeg,quality,3.0,707.3990185391131,4.325034670118618,51.67965528700087,0.1530982123480903,1.0,0.0,0.0,0,0.4568166022434782
Laptop_0,2691,baseline,none,0.0,5535.34936261257,7.6845379020403115,112.41998291015625,0.022913614908854168,1.0,0.0,0.0,0,0.528885722469096
Laptop_0,2691,gauss_blur,sigma,1.0,311.0333367171496,7.603203569829867,112.44180297851562,0.008195665147569444,1.0,0.0,0.0,0,0.4057985307174633
Laptop_0,2691,gauss_blur,sigma,2.0,16.48375938963547,7.5223387350499475,112.44508022732205,0.005616929796006944,1.0,0.0,0.0,0,0.2026887812463084
Laptop_0,2691,gauss_blur,sigma,4.0,2.4729546308057544,7.45284219568779,112.44297960069444,0.0005849202473958334,1.0,0.0,0.0,0,0.08864356112911866
Laptop_0,2691,gauss_blur,sigma,8.0,1.8070576966245784,7.358329575533079,112.43790011935764,0.0,1.0,0.0,0.0,0,0.07353584492466683
Laptop_0,2691,motion_blur,kernel_px,9.0,703.0570829042961,7.585095774136937,112.44172668457031,0.009223090277777778,1.0,0.0,0.0,0,0.4628172738295384
Laptop_0,2691,motion_blur,kernel_px,21.0,274.1953106536328,7.512218602431654,112.44305419921875,0.007659912109375,1.0,0.0,0.0,0,0.39712903373653174
Laptop_0,2691,motion_blur,kernel_px,41.0,136.8825647190305,7.4512958792236965,112.44512769911024,0.005006578233506944,1.0,0.0,0.0,0,0.3491938381725655
Laptop_0,2691,noise,sigma,10.0,6368.99069337705,7.7956971671470345,111.92203606499567,0.017445882161458332,1.0,0.0,0.0,0,0.5356676854660488
Laptop_0,2691,noise,sigma,25.0,10590.84198320849,7.8415786511589065,111.90734185112848,0.018880208333333332,1.0,0.0,0.0,0,0.5349983523548063
Laptop_0,2691,noise,sigma,50.0,23419.28677891827,7.892214405944055,112.50254482693143,0.027194552951388888,1.0,0.0,0.0,0,0.5259410254240473
Laptop_0,2691,dark,gamma,2.0,6302.535365897743,7.3090760892699045,63.812964545355904,0.09434000651041667,1.0,0.0,0.0,0,0.8341408678811773
Laptop_0,2691,dark,gamma,3.0,6402.7766365259595,6.525085635975346,42.60497029622396,0.2941097683376736,1.0,0.0,0.0,0,0.6169155541696026
Laptop_0,2691,dark,gamma,4.5,6382.032958224955,5.268808998177216,28.01495361328125,0.556182861328125,1.0,0.0,0.0,0,0.27410842478076614
Laptop_0,2691,overexpose,gamma,0.5,4094.927246234298,7.47941558977833,161.62608506944446,0.026769002278645832,1.0,0.0,0.0,0,0.15266678352654026
Laptop_0,2691,overexpose,gamma,0.3,3135.5587390909345,7.065579946082181,191.25732930501303,0.03704494900173611,1.0,0.0,0.0,0,0.0
Laptop_0,2691,overexpose,gamma,0.15,2482.364183208412,6.3255163721327925,218.98078409830728,0.06323750813802083,1.0,0.0,0.0,0,0.0
Laptop_0,2691,jpeg,quality,30.0,5481.08694225435,7.757470914596309,112.3787333170573,0.0216827392578125,1.0,0.0,0.0,0,0.5298672563417818
Laptop_0,2691,jpeg,quality,10.0,4583.047084903816,7.5760940111185056,112.36187574598524,0.017396714952256944,0.0,0.0,0.0,2,0.5323180222973557
Laptop_0,2691,jpeg,quality,3.0,3880.9410828602995,6.282027528989614,112.00450981987848,0.03277757432725695,0.0,0.0,0.0,1,0.485231737552769
Laptop_0,2695,baseline,none,0.0,5533.975448191135,7.685758207979033,112.14096577962239,0.023184882269965276,1.0,0.0,0.0,0,0.5308681709700326
Laptop_0,2695,gauss_blur,sigma,1.0,315.9538623362113,7.606286772942607,112.165771484375,0.008332994249131944,1.0,0.0,0.0,0,0.40846911627607474
Laptop_0,2695,gauss_blur,sigma,2.0,16.758891983345773,7.525772328663031,112.16672770182292,0.005805121527777778,1.0,0.0,0.0,0,0.20457517085578505
Laptop_0,2695,gauss_blur,sigma,4.0,2.4847784715210204,7.45688852183126,112.16488817003038,0.001003689236111111,1.0,0.0,0.0,0,0.08920503864913869
Laptop_0,2695,gauss_blur,sigma,8.0,1.8132561566193166,7.36650728329928,112.16074117024739,0.0,0.0,0.0,0.0,1,0.07398786386287208
Laptop_0,2695,motion_blur,kernel_px,9.0,710.0987352761932,7.588158679052267,112.16448974609375,0.009302775065104166,1.0,0.0,0.0,0,0.46533761008887725
Laptop_0,2695,motion_blur,kernel_px,21.0,276.4082261365204,7.513775954133049,112.16927083333333,0.007787068684895833,1.0,0.0,0.0,0,0.39921611585377287
Laptop_0,2695,motion_blur,kernel_px,41.0,137.38698398073223,7.451802261768745,112.17343309190538,0.005288018120659722,1.0,0.0,0.0,0,0.3507242867535573
Laptop_0,2695,noise,sigma,10.0,6363.89688266852,7.798902813553486,111.63082716200087,0.018015543619791668,1.0,0.0,0.0,0,0.5375912010495085
Laptop_0,2695,noise,sigma,25.0,10577.956859382173,7.8437852375639885,111.63909233940973,0.019198947482638888,1.0,0.0,0.0,0,0.5368800100229607
Laptop_0,2695,noise,sigma,50.0,23413.435773077523,7.894552428801283,112.23580593532986,0.027286105685763888,1.0,0.0,0.0,0,0.5279185641661627
Laptop_0,2695,dark,gamma,2.0,6287.0733319355095,7.305355400614067,63.77744717068143,0.09739854600694445,1.0,0.0,0.0,0,0.8315743117889297
Laptop_0,2695,dark,gamma,3.0,6382.652024613069,6.516448761730737,42.74415927463107,0.2994113498263889,0.0,0.0,0.0,1,0.6121998329461669
Laptop_0,2695,dark,gamma,4.5,6363.207576940445,5.255128589143517,28.258405897352432,0.5602518717447916,1.0,0.0,0.0,0,0.27153474344058975
Laptop_0,2695,overexpose,gamma,0.5,4106.7162194394095,7.48617824698027,161.3158891465929,0.026848687065972224,1.0,0.0,0.0,0,0.1550126240858563
Laptop_0,2695,overexpose,gamma,0.3,3153.262459604643,7.074185687381708,191.00613742404514,0.03692287868923611,1.0,0.0,0.0,0,0.0
Laptop_0,2695,overexpose,gamma,0.15,2502.186837665724,6.336009937207266,218.8182898627387,0.06431749131944445,1.0,0.0,0.0,0,0.0
Laptop_0,2695,jpeg,quality,30.0,5477.917479726957,7.761536562086992,112.11467827690973,0.021589491102430556,1.0,0.0,0.0,0,0.5319361529479836
Laptop_0,2695,jpeg,quality,10.0,4649.336069160301,7.593693713937143,112.08621215820312,0.017788357204861112,0.0,0.0,0.0,2,0.5342211654056028
Laptop_0,2695,jpeg,quality,3.0,4007.07503160502,6.332422214531061,111.79967074924045,0.033299763997395836,1.0,0.0,0.0,0,0.4902969023295095
Laptop_0,2737,baseline,none,0.0,5385.071856088518,7.723505558554205,113.88758511013455,0.022499932183159724,1.0,0.0,0.0,0,0.5179019781972772
Laptop_0,2737,gauss_blur,sigma,1.0,338.2175015671821,7.66197084192077,113.91687689887152,0.008299085828993056,1.0,0.0,0.0,0,0.4028908533601656
Laptop_0,2737,gauss_blur,sigma,2.0,17.797461604619006,7.586740940479248,113.91920979817708,0.006135728624131944,1.0,0.0,0.0,0,0.20329161337810758
Laptop_0,2737,gauss_blur,sigma,4.0,2.5391777876971497,7.529765185082777,113.92136467827692,0.0017852783203125,1.0,0.0,0.0,0,0.08796186256797851
Laptop_0,2737,gauss_blur,sigma,8.0,1.8322499575133635,7.453563867955704,113.92467244466145,0.0,1.0,0.0,0.0,0,0.07258033699705974
Laptop_0,2737,motion_blur,kernel_px,9.0,730.557922320498,7.641549646385739,113.92023213704427,0.009199354383680556,1.0,0.0,0.0,0,0.4555956798063946
Laptop_0,2737,motion_blur,kernel_px,21.0,294.24100715859026,7.5712833807920354,113.92132059733073,0.007759941948784722,1.0,0.0,0.0,0,0.3934779393772578
Laptop_0,2737,motion_blur,kernel_px,41.0,148.38522986860738,7.517291050189188,113.92335171169705,0.005503336588541667,1.0,0.0,0.0,0,0.34712582718918905
Laptop_0,2737,noise,sigma,10.0,6222.6863150239615,7.847031061466563,113.38593885633681,0.017408582899305556,1.0,0.0,0.0,0,0.5244503771221692
Laptop_0,2737,noise,sigma,25.0,10421.21244283075,7.8845829507300635,113.40462409125433,0.019304063585069444,1.0,0.0,0.0,0,0.523295518915409
Laptop_0,2737,noise,sigma,50.0,22967.99501351988,7.924208468236641,113.9957275390625,0.029481675889756944,1.0,0.0,0.0,0,0.5133829353318432
Laptop_0,2737,dark,gamma,2.0,6124.382806960695,7.356254755426461,66.79190572102864,0.10691324869791667,1.0,0.0,0.0,0,0.8017757346538862
Laptop_0,2737,dark,gamma,3.0,6185.014732578977,6.573760270102207,46.01921251085069,0.3186713324652778,1.0,0.0,0.0,0,0.6174124480529825
Laptop_0,2737,dark,gamma,4.5,6109.125060450696,5.333135940998064,31.15120612250434,0.5478651258680556,1.0,0.0,0.0,0,0.2913195170879763
Laptop_0,2737,overexpose,gamma,0.5,3958.318090869595,7.536405146424614,162.02896796332465,0.025156656901041668,1.0,0.0,0.0,0,0.14985136411821637
Laptop_0,2737,overexpose,gamma,0.3,3015.2375330293744,7.124311322929727,191.31388685438367,0.034050835503472224,1.0,0.0,0.0,0,0.0
Laptop_0,2737,overexpose,gamma,0.15,2384.421343192526,6.385969376168079,218.88426038953992,0.0679745144314236,1.0,0.0,0.0,0,0.0
Laptop_0,2737,jpeg,quality,30.0,5425.312212293965,7.816645729883618,113.86641269259982,0.021402994791666668,1.0,0.0,0.0,0,0.518645030064767
Laptop_0,2737,jpeg,quality,10.0,4646.92225093476,7.704236169951073,113.84862772623698,0.018658108181423612,0.0,0.0,0.0,1,0.5202361406385826
Laptop_0,2737,jpeg,quality,3.0,4045.269112109401,6.589691902831628,113.6834716796875,0.03139919704861111,1.0,0.0,0.0,0,0.4974431816951177
Laptop_0,2744,baseline,none,0.0,5393.689050433248,7.725091561125659,114.33113098144531,0.023601955837673612,1.0,0.0,0.0,0,0.5139346841917112
Laptop_0,2744,gauss_blur,sigma,1.0,340.8826270141974,7.667438911985024,114.36071099175348,0.008404201931423612,1.0,0.0,0.0,0,0.40074808674260903
Laptop_0,2744,gauss_blur,sigma,2.0,17.78184669087699,7.5932683236920795,114.36140780978732,0.00616455078125,1.0,0.0,0.0,0,0.20190238053536883
Laptop_0,2744,gauss_blur,sigma,4.0,2.540072970632693,7.535996394411874,114.36383226182726,0.0018513997395833333,1.0,0.0,0.0,0,0.08739937446067715
Laptop_0,2744,gauss_blur,sigma,8.0,1.82221137151628,7.4599651205552435,114.36710272894965,0.0,1.0,0.0,0.0,0,0.07186064759768133
Laptop_0,2744,motion_blur,kernel_px,9.0,709.4097811016653,7.645307190205393,114.36083984375,0.009275648328993056,1.0,0.0,0.0,0,0.4505863054453886
Laptop_0,2744,motion_blur,kernel_px,21.0,282.7939903407623,7.575221212390643,114.36303202311198,0.007710774739583333,1.0,0.0,0.0,0,0.3882153165680487
Laptop_0,2744,motion_blur,kernel_px,41.0,143.9261110664035,7.5231927876828895,114.366453382704,0.005367702907986111,1.0,0.0,0.0,0,0.34281593769568164
Laptop_0,2744,noise,sigma,10.0,6230.227139706921,7.850655920774324,113.8417477077908,0.018046061197916668,1.0,0.0,0.0,0,0.5206133836273458
Laptop_0,2744,noise,sigma,25.0,10421.3276411747,7.8881967962640935,113.84682888454861,0.019877115885416668,1.0,0.0,0.0,0,0.519603685468071
Laptop_0,2744,noise,sigma,50.0,22866.612497447397,7.925401994817792,114.35979546440973,0.030056423611111112,1.0,0.0,0.0,0,0.5103201146142695
Laptop_0,2744,dark,gamma,2.0,6198.53765138422,7.3608731407868015,67.30164930555556,0.10895453559027778,1.0,0.0,0.0,0,0.796394678820636
Laptop_0,2744,dark,gamma,3.0,6326.907717192878,6.580569049303917,46.53968641493056,0.3178965250651042,1.0,0.0,0.0,0,0.6214314865424475
Laptop_0,2744,dark,gamma,4.5,6329.950678377072,5.343965443165153,31.679161919487846,0.5494961208767362,1.0,0.0,0.0,0,0.29231434433121467
Laptop_0,2744,overexpose,gamma,0.5,3955.9860996016087,7.534343890468721,162.35652838812933,0.026384141710069444,1.0,0.0,0.0,0,0.14717113004726462
Laptop_0,2744,overexpose,gamma,0.3,3013.7368867125024,7.122767973984027,191.54838222927518,0.03564622667100695,1.0,0.0,0.0,0,0.0
Laptop_0,2744,overexpose,gamma,0.15,2383.5354591814285,6.384888575877308,219.0269300672743,0.072296142578125,1.0,0.0,0.0,0,0.0
Laptop_0,2744,jpeg,quality,30.0,5406.639579153031,7.815735301053091,114.29548814561632,0.022086249457465276,1.0,0.0,0.0,0,0.5150047975273565
Laptop_0,2744,jpeg,quality,10.0,4574.9249145232225,7.691667323139871,114.33338080512152,0.019580417209201388,0.0,0.0,0.0,2,0.5160342196553376
Laptop_0,2744,jpeg,quality,3.0,3991.856065141723,6.559604456138022,114.08719550238715,0.032555474175347224,1.0,0.0,0.0,0,0.4916453643995917
Laptop_0,2917,baseline,none,0.0,2510.7706908353202,7.203125418551593,125.01812913682726,0.017871432834201388,1.0,0.0,0.0,2,0.4349509410992737
Laptop_0,2917,gauss_blur,sigma,1.0,111.76680783208829,7.189838919400928,125.02366807725694,0.008329603407118056,0.6666666666666666,0.0,0.0,1,0.2731954733616355
Laptop_0,2917,gauss_blur,sigma,2.0,8.07577673260433,7.167354748939282,125.02366129557292,0.005766126844618056,0.5,0.0,0.0,2,0.1278473894555254
Laptop_0,2917,gauss_blur,sigma,4.0,1.9903462148260003,7.1370176539327375,125.02205064561632,0.0012071397569444445,0.5,0.0,0.0,2,0.06378682767163499
Laptop_0,2917,gauss_blur,sigma,8.0,1.4974975572025153,7.07605107908337,125.01614549424913,0.0,0.0,0.0,0.0,0,0.05336920535111533
Laptop_0,2917,motion_blur,kernel_px,9.0,302.2114503305652,7.191041363106527,125.02415974934895,0.008992513020833334,0.6666666666666666,0.0,0.0,1,0.3301572631046444
Laptop_0,2917,motion_blur,kernel_px,21.0,116.68897655273983,7.172661955016617,125.02631293402777,0.007127549913194444,0.6666666666666666,0.0,0.0,1,0.27598679996210435
Laptop_0,2917,motion_blur,kernel_px,41.0,58.38783448561737,7.151377786393728,125.02562459309895,0.003887600368923611,0.6666666666666666,0.0,0.0,1,0.23717195506974817
Laptop_0,2917,noise,sigma,10.0,3366.1353681262262,7.381740561052624,124.46082390679254,0.013088650173611112,0.0,0.0,0.0,0,0.44136603075269326
Laptop_0,2917,noise,sigma,25.0,7748.662793643536,7.584019879185053,124.28457641601562,0.013054741753472222,0.0,0.0,0.0,0,0.44274015327059324
Laptop_0,2917,noise,sigma,50.0,21806.545445554497,7.791374063902298,123.81836615668402,0.018624199761284724,0.0,0.0,0.0,0,0.44381614743113823
Laptop_0,2917,dark,gamma,2.0,3164.572892664275,7.012614345258479,71.74535115559895,0.04308742947048611,1.0,0.0,0.0,2,0.8220445105732246
Laptop_0,2917,dark,gamma,3.0,3455.2343337620478,6.45015953118485,47.19433932834201,0.11912027994791667,0.8,0.0,0.0,3,0.7908846725307515
Laptop_0,2917,dark,gamma,4.5,3703.7449669120015,5.4123342295890655,30.368933783637154,0.5067477756076388,0.8,0.0,0.0,3,0.3201390696924212
Laptop_0,2917,overexpose,gamma,0.5,1708.9756942027027,6.789909913560648,173.89796786838107,0.020702785915798612,1.0,0.0,0.0,2,0.0582925691282683
Laptop_0,2917,overexpose,gamma,0.3,1218.8642605018726,6.327516666308359,201.25506083170572,0.027289496527777776,0.6666666666666666,0.0,0.0,1,0.0
Laptop_0,2917,overexpose,gamma,0.15,881.8813330893047,5.544604741459151,225.69253540039062,0.07498847113715278,0.6666666666666666,0.0,0.0,1,0.0
Laptop_0,2917,jpeg,quality,30.0,2545.5258885606813,7.054064947992127,124.94806586371527,0.018186781141493056,1.0,0.0,0.0,2,0.435348698622257
Laptop_0,2917,jpeg,quality,10.0,1848.4837858240887,6.234093121237377,124.82790289984808,0.015133327907986112,0.0,0.0,0.0,2,0.39627073551490355
Laptop_0,2917,jpeg,quality,3.0,1547.5107756556877,4.198366145729318,123.57094150119357,0.022462632921006944,0.0,0.0,0.0,0,0.264345146895701
Laptop_0,3002,baseline,none,0.0,901.09782552758,7.018427312333572,126.08838738335504,0.010779486762152778,1.0,0.0,0.0,2,0.38507274185500345
Laptop_0,3002,gauss_blur,sigma,1.0,73.5081343169635,7.025815853671602,126.11648390028212,0.007515801323784722,0.0,0.0,0.0,0,0.24463136999882248
Laptop_0,3002,gauss_blur,sigma,2.0,7.2160574195929525,6.99256628694047,126.12031894259982,0.00531005859375,0.0,0.0,0.0,0,0.11977179148170547
Laptop_0,3002,gauss_blur,sigma,4.0,2.080479927634084,6.943159715811394,126.12179904513889,0.001071506076388889,0.0,0.0,0.0,0,0.06425369775010815
Laptop_0,3002,gauss_blur,sigma,8.0,1.5353223922443986,6.855939229759548,126.12169392903645,0.0,0.0,0.0,0.0,0,0.05318777077525826
Laptop_0,3002,motion_blur,kernel_px,9.0,155.9917473907894,7.024144648512693,126.11472744411893,0.008443196614583334,0.6666666666666666,0.0,0.0,1,0.2866650490361016
Laptop_0,3002,motion_blur,kernel_px,21.0,62.41089377839429,6.9950715826975305,126.1203850640191,0.007203843858506944,0.6666666666666666,0.0,0.0,1,0.23553710725564872
Laptop_0,3002,motion_blur,kernel_px,41.0,32.6817646055327,6.963825447893331,126.12233479817708,0.0046539306640625,0.6666666666666666,0.0,0.0,1,0.2001313661567801
Laptop_0,3002,noise,sigma,10.0,1780.8792172988362,7.264948272730412,125.58836364746094,0.007719251844618056,0.0,0.0,0.0,0,0.4287234883874647
Laptop_0,3002,noise,sigma,25.0,6271.845807534953,7.504334441102059,125.4327884250217,0.007905748155381944,0.0,0.0,0.0,0,0.43615048504606996
Laptop_0,3002,noise,sigma,50.0,20802.252988338747,7.737791026487163,125.16609700520833,0.012829250759548612,0.0,0.0,0.0,0,0.4360427816355011
Laptop_0,3002,dark,gamma,2.0,1053.625731594996,6.895835493503673,70.82479010687933,0.030039469401041668,0.6666666666666666,0.0,0.0,1,0.7700360285522758
Laptop_0,3002,dark,gamma,3.0,1088.4938528817113,6.394956103346152,44.739963107638886,0.0986362033420139,0.0,0.0,0.0,0,0.7238323934802987
Laptop_0,3002,dark,gamma,4.5,1103.7875978008005,5.363367884410176,26.870274861653645,0.3560807969835069,0.0,0.0,0.0,0,0.36931000905762457
Laptop_0,3002,overexpose,gamma,0.5,632.6334226083807,6.603612256099526,175.47658114963107,0.013539632161458334,0.5,0.0,0.0,2,0.039484379892744566
Laptop_0,3002,overexpose,gamma,0.3,452.95682821243133,6.110682576708867,202.63901604546442,0.017361111111111112,0.0,0.0,0.0,1,0.0
Laptop_0,3002,overexpose,gamma,0.15,324.3735634474124,5.339417951061753,226.60061984592014,0.049489339192708336,0.0,0.0,0.0,0,0.0
Laptop_0,3002,jpeg,quality,30.0,867.9844807638632,6.961201962554142,126.1090579562717,0.010265774197048612,0.0,0.0,0.0,0,0.3830129106827708
Laptop_0,3002,jpeg,quality,10.0,776.1445924555887,5.989881699645194,125.98772515190973,0.006595187717013889,0.0,0.0,0.0,0,0.3328554010834084
Laptop_0,3002,jpeg,quality,3.0,810.779676180261,3.92606041773087,126.12308756510417,0.015757242838541668,0.0,0.0,0.0,1,0.21704501306409074
Laptop_0,3031,baseline,none,0.0,1697.4433694032723,7.4770659491402585,142.77875264485678,0.0951961941189236,1.0,0.0,0.0,1,0.2694365196039778
Laptop_0,3031,gauss_blur,sigma,1.0,137.09917702378394,7.554728952259306,142.80581665039062,0.0829501681857639,0.0,0.0,0.0,0,0.18081567821639574
Laptop_0,3031,gauss_blur,sigma,2.0,10.525410951655585,7.55196125542702,142.8124304877387,0.07682291666666667,0.0,0.0,0.0,0,0.09027879533942823
Laptop_0,3031,gauss_blur,sigma,4.0,2.214241875401687,7.558505504593123,142.82162136501736,0.06562974717881945,0.0,0.0,0.0,0,0.04363232495151784
Laptop_0,3031,gauss_blur,sigma,8.0,1.6331634457987727,7.55074394608139,142.83325025770398,0.054967244466145836,0.0,0.0,0.0,0,0.03658256509453476
Laptop_0,3031,motion_blur,kernel_px,9.0,297.542249882927,7.549855606030717,142.8062506781684,0.0833401150173611,0.0,0.0,0.0,0,0.2090115081322836
Laptop_0,3031,motion_blur,kernel_px,21.0,110.48161279044203,7.5472507266772375,142.81952921549478,0.07668558756510417,0.0,0.0,0.0,0,0.1740796681413797
Laptop_0,3031,motion_blur,kernel_px,41.0,54.59831885682754,7.552239126393218,142.82640753851996,0.0671420627170139,0.0,0.0,0.0,0,0.1498949269013281
Laptop_0,3031,noise,sigma,10.0,2520.293305279296,7.7344011299418085,142.00211588541666,0.06555006239149305,0.0,0.0,0.0,0,0.28984598763766123
Laptop_0,3031,noise,sigma,25.0,6684.535997548576,7.824275765744,141.24417283799914,0.046071370442708336,0.0,0.0,0.0,0,0.3015364746547506
Laptop_0,3031,noise,sigma,50.0,19715.99481820784,7.897309190430844,139.88373141818576,0.04242282443576389,0.0,0.0,0.0,0,0.3128673384345786
Laptop_0,3031,dark,gamma,2.0,2382.5086848882984,7.430984889547657,96.12699720594618,0.11026848687065972,0.0,0.0,0.0,0,0.5948545168444576
Laptop_0,3031,dark,gamma,3.0,2733.261656948122,7.019440536431434,73.26429748535156,0.2129058837890625,0.0,0.0,0.0,2,0.6668201481507923
Laptop_0,3031,dark,gamma,4.5,3057.538599913826,6.137947536971678,56.026021321614586,0.4309590657552083,0.0,0.0,0.0,1,0.5029406155460974
Laptop_0,3031,overexpose,gamma,0.5,996.0491662589042,7.099137189296945,184.84233940972223,0.10417005750868055,0.0,0.0,0.0,0,0.0
Laptop_0,3031,overexpose,gamma,0.3,604.5770596776183,6.622963426226442,208.45593770345053,0.1176876491970486,0.0,0.0,0.0,0,0.0
Laptop_0,3031,overexpose,gamma,0.15,321.5513072624129,5.8622988555144895,229.5771942138672,0.1617211235894097,0.0,0.0,0.0,0,0.0
Laptop_0,3031,jpeg,quality,30.0,1697.8020173048963,7.5351108772460265,142.70277404785156,0.09367201063368055,1.0,0.0,0.0,1,0.2704248639625678
Laptop_0,3031,jpeg,quality,10.0,1529.3518183036542,7.109928554530464,142.65350172254773,0.07849799262152778,0.0,0.0,0.0,0,0.2714345204421714
Laptop_0,3031,jpeg,quality,3.0,1370.4943218651058,5.247810208867097,142.6677771674262,0.1071811252170139,0.0,0.0,0.0,1,0.19930101441256612
Laptop_0,3437,baseline,none,0.0,947.8249785245085,7.096694384975188,126.88117811414931,0.011283026801215278,1.0,0.0,0.0,0,0.38220612464426257
Laptop_0,3437,gauss_blur,sigma,1.0,81.05671538446776,7.110099000321524,126.8824225531684,0.007754855685763889,1.0,0.0,0.0,0,0.24660201533584264
Laptop_0,3437,gauss_blur,sigma,2.0,7.458777530693713,7.092997147855202,126.88166130913629,0.005596584743923611,1.0,0.0,0.0,0,0.11972980314002155
Laptop_0,3437,gauss_blur,sigma,4.0,2.0098079916658915,7.063220707976342,126.88075934516058,0.0012308756510416667,1.0,0.0,0.0,0,0.062059066983840366
Laptop_0,3437,gauss_blur,sigma,8.0,1.5066731754276481,7.0002825710099055,126.87901306152344,0.0,0.0,0.0,0.0,1,0.051822225349090104
Laptop_0,3437,motion_blur,kernel_px,9.0,138.1378636627809,7.110761094480798,126.87840101453993,0.0084686279296875,0.0,0.0,0.0,1,0.27596915135367023
Laptop_0,3437,motion_blur,kernel_px,21.0,53.22562058515747,7.098761494181284,126.87845526801215,0.007108900282118056,0.0,0.0,0.0,3,0.223585261298234
Laptop_0,3437,motion_blur,kernel_px,41.0,27.19812760005108,7.086843973406921,126.87643432617188,0.004265679253472222,0.0,0.0,0.0,2,0.18751442970557436
Laptop_0,3437,noise,sigma,10.0,1830.9458709003168,7.315304640458007,126.316896226671,0.007744683159722222,1.0,0.0,0.0,0,0.4247131858335346
Laptop_0,3437,noise,sigma,25.0,6322.7624593303535,7.547526890252369,126.16496107313368,0.008371988932291666,1.0,0.0,0.0,0,0.4302733032418473
Laptop_0,3437,noise,sigma,50.0,20608.001568263393,7.766565354182099,125.72520785861545,0.014256795247395834,1.0,0.0,0.0,0,0.43110644245542873
Laptop_0,3437,dark,gamma,2.0,1209.9834131751168,6.959899994834544,72.59353129069011,0.030676947699652776,1.0,0.0,0.0,0,0.7722938829820221
Laptop_0,3437,dark,gamma,3.0,1322.2626916468028,6.4367738078426,47.0301259358724,0.0987362331814236,1.0,0.0,0.0,0,0.7631386094915833
Laptop_0,3437,dark,gamma,4.5,1407.2720213346156,5.485239308158907,29.201034545898438,0.4578721788194444,1.0,0.0,0.0,0,0.33658853258500154
Laptop_0,3437,overexpose,gamma,0.5,628.2798802188029,6.66362504073037,175.71961636013455,0.013371785481770834,0.0,0.0,0.0,1,0.03825408332322
Laptop_0,3437,overexpose,gamma,0.3,439.2848892024242,6.202306807783483,202.7058308919271,0.016721937391493056,0.0,0.0,0.0,1,0.0
Laptop_0,3437,overexpose,gamma,0.15,312.1835801286715,5.400948976238176,226.58631049262152,0.04841274685329861,1.0,0.0,0.0,0,0.0
Laptop_0,3437,jpeg,quality,30.0,941.5409670895697,6.985944042066565,126.84463500976562,0.010469224717881944,1.0,0.0,0.0,0,0.3824046501672848
Laptop_0,3437,jpeg,quality,10.0,865.4354720686619,6.037772585534568,126.7457275390625,0.007215711805555556,1.0,0.0,0.0,0,0.33615022031330327
Laptop_0,3437,jpeg,quality,3.0,885.5254034741215,3.940998888164736,125.4813249376085,0.014962090386284722,1.0,0.0,0.0,0,0.22346446059459116
Laptop_0,4811,baseline,none,0.0,4417.135550578251,7.668458673370591,113.10697597927518,0.019739786783854168,1.0,0.0,0.0,0,0.5253424921703064
Laptop_0,4811,gauss_blur,sigma,1.0,280.3245091103016,7.608483837209718,113.13981458875868,0.00830078125,1.0,0.0,0.0,0,0.39442070070968444
Laptop_0,4811,gauss_blur,sigma,2.0,15.71520811999734,7.536632452672125,113.14161003960504,0.005527072482638889,1.0,0.0,0.0,0,0.19751581736740156
Laptop_0,4811,gauss_blur,sigma,4.0,2.4552086624115663,7.4791622988543525,113.14236958821614,0.0004831949869791667,1.0,0.0,0.0,0,0.08739629397950507
Laptop_0,4811,gauss_blur,sigma,8.0,1.788145275967609,7.388312828962606,113.14395311143663,0.0,1.0,0.0,0.0,0,0.07230954602679847
Laptop_0,4811,motion_blur,kernel_px,9.0,634.6722502570349,7.589232651295909,113.14056735568576,0.009280734592013888,1.0,0.0,0.0,0,0.4509820045914681
Laptop_0,4811,motion_blur,kernel_px,21.0,250.96606626991692,7.524281917597461,113.14305962456598,0.007895575629340278,1.0,0.0,0.0,0,0.38685213213772246
Laptop_0,4811,motion_blur,kernel_px,41.0,126.42429950895118,7.47097311261537,113.14525858561198,0.005516899956597222,1.0,0.0,0.0,0,0.33995481809773276
Laptop_0,4811,noise,sigma,10.0,5273.971822639296,7.792435227525388,112.62351820203993,0.015291002061631944,1.0,0.0,0.0,0,0.5314459509655636
Laptop_0,4811,noise,sigma,25.0,9552.020140701212,7.839695367928594,112.60122680664062,0.016165839301215276,1.0,0.0,0.0,0,0.5311451388567132
Laptop_0,4811,noise,sigma,50.0,22608.08999922374,7.894541973161351,113.19208272298177,0.025126139322916668,1.0,0.0,0.0,0,0.5218076400574151
Laptop_0,4811,dark,gamma,2.0,5068.411503578707,7.309174920623406,64.27228122287326,0.0922732883029514,1.0,0.0,0.0,0,0.8327870822677479
Laptop_0,4811,dark,gamma,3.0,5142.595571043105,6.538937761119495,42.83848571777344,0.2877621120876736,1.0,0.0,0.0,0,0.6250305924001731
Laptop_0,4811,dark,gamma,4.5,5106.5279021341485,5.28061163615411,27.921617296006943,0.5513170030381944,1.0,0.0,0.0,0,0.2774810422984537
Laptop_0,4811,overexpose,gamma,0.5,3186.742255359243,7.451016545859689,162.44500901963977,0.023715549045138888,1.0,0.0,0.0,0,0.14689965130844618
Laptop_0,4811,overexpose,gamma,0.3,2367.116515313952,7.030311859026906,192.06137932671442,0.030878702799479168,1.0,0.0,0.0,0,0.0
Laptop_0,4811,overexpose,gamma,0.15,1808.8980211311891,6.278082817339236,219.6994832356771,0.050070868598090276,1.0,0.0,0.0,0,0.0
Laptop_0,4811,jpeg,quality,30.0,4452.553610763431,7.7426188347505285,113.0770992702908,0.019321017795138888,0.0,0.0,0.0,1,0.5257958214969682
Laptop_0,4811,jpeg,quality,10.0,3895.0433443900497,7.54035877810311,112.98329840766058,0.015040079752604166,0.0,0.0,0.0,3,0.5288128648966517
Laptop_0,4811,jpeg,quality,3.0,3476.2474568544058,6.139833153997159,112.92106628417969,0.029866536458333332,1.0,0.0,0.0,0,0.46942069481966975
Laptop_0,4827,baseline,none,0.0,3962.081383474988,7.630346111867912,114.91356913248698,0.019992404513888888,1.0,0.0,0.0,0,0.511375272873628
Laptop_0,4827,gauss_blur,sigma,1.0,254.75115966424346,7.5775554211222325,114.94204203287761,0.008939954969618056,1.0,0.0,0.0,0,0.3773197977060581
Laptop_0,4827,gauss_blur,sigma,2.0,14.67546926144465,7.505053880250196,114.9459211561415,0.006130642361111111,1.0,0.0,0.0,0,0.18781840871662375
Laptop_0,4827,gauss_blur,sigma,4.0,2.3975338337017384,7.446093637443649,114.94824896918402,0.0004628499348958333,1.0,0.0,0.0,0,0.08394079186482356
Laptop_0,4827,gauss_blur,sigma,8.0,1.7674611361185661,7.354805789071042,114.9518059624566,0.0,0.0,0.0,0.0,1,0.06989158516390846
Laptop_0,4827,motion_blur,kernel_px,9.0,595.9051331396525,7.562963168336832,114.94318305121527,0.009860568576388888,1.0,0.0,0.0,0,0.43458989154658006
Laptop_0,4827,motion_blur,kernel_px,21.0,234.00707816014963,7.499030550438714,114.94571940104167,0.008371988932291666,1.0,0.0,0.0,0,0.3717553972473182
Laptop_0,4827,motion_blur,kernel_px,41.0,117.05964136030525,7.447041873879288,114.94823201497395,0.005638970269097222,1.0,0.0,0.0,0,0.32576234504058477
Laptop_0,4827,noise,sigma,10.0,4810.065207468413,7.759589728496023,114.41054280598958,0.015057033962673612,1.0,0.0,0.0,0,0.5178213066792747
Laptop_0,4827,noise,sigma,25.0,9155.369068870898,7.8136096262956345,114.36770968967014,0.015667385525173612,1.0,0.0,0.0,0,0.517829812950839
Laptop_0,4827,noise,sigma,50.0,22390.476818786552,7.877262670094447,114.88200378417969,0.023040771484375,1.0,0.0,0.0,0,0.5100255345823825
Laptop_0,4827,dark,gamma,2.0,4598.666878553242,7.3102165063243945,64.7515869140625,0.08315192328559028,0.0,0.0,0.0,1,0.8377222033392666
Laptop_0,4827,dark,gamma,3.0,4710.304926026091,6.579266504070053,42.42134094238281,0.2539757622612847,0.0,0.0,0.0,1,0.6563719482965324
Laptop_0,4827,dark,gamma,4.5,4718.254547655573,5.361635797257161,27.017444186740452,0.5340593126085069,1.0,0.0,0.0,0,0.2899871235738216
Laptop_0,4827,overexpose,gamma,0.5,2843.0891767225953,7.383587201906948,164.42795986599393,0.023554484049479168,1.0,0.0,0.0,0,0.1317969844008244
Laptop_0,4827,overexpose,gamma,0.3,2103.1179884233375,6.956476018044966,193.70321146647134,0.0308074951171875,1.0,0.0,0.0,0,0.0
Laptop_0,4827,overexpose,gamma,0.15,1593.519380065023,6.196445933567371,220.79591369628906,0.051215277777777776,1.0,0.0,0.0,0,0.0
Laptop_0,4827,jpeg,quality,30.0,3982.3964884926877,7.691669303282272,114.8838602701823,0.019131130642361112,0.0,0.0,0.0,1,0.5120523521457662
Laptop_0,4827,jpeg,quality,10.0,3502.334286748248,7.426780311153009,114.83026801215277,0.014451768663194444,0.0,0.0,0.0,4,0.5149078029223156
Laptop_0,4827,jpeg,quality,3.0,3085.7827402491225,5.917662589686104,114.50763787163629,0.029401991102430556,1.0,0.0,0.0,0,0.44221042476121825
Laptop_0,4916,baseline,none,0.0,4184.675966530106,7.436573961986571,84.1121826171875,0.011444091796875,1.0,0.0,0.0,1,0.7537178198063985
Laptop_0,4916,gauss_blur,sigma,1.0,277.5874926061427,7.433512609022981,84.15009901258681,0.001690334743923611,0.0,0.0,0.0,0,0.5639453736077442
Laptop_0,4916,gauss_blur,sigma,2.0,15.410974671509415,7.368111360546585,84.15574645996094,0.0010325113932291667,0.0,0.0,0.0,0,0.28044663696787125
Laptop_0,4916,gauss_blur,sigma,4.0,2.4211239123251285,7.297474003030272,84.16091579861111,8.646647135416667e-05,0.0,0.0,0.0,0,0.12339356975856271
Laptop_0,4916,gauss_blur,sigma,8.0,1.7855885823538964,7.2085995858675735,84.16531541612413,0.0,0.0,0.0,0.0,0,0.10278055206520886
Laptop_0,4916,motion_blur,kernel_px,9.0,568.7633317582697,7.413189455031583,84.150634765625,0.0020497639973958335,0.0,0.0,0.0,0,0.6353854802646304
Laptop_0,4916,motion_blur,kernel_px,21.0,227.16539165698407,7.343425246589747,84.15770636664496,0.001522488064236111,0.0,0.0,0.0,0,0.5439937854948576
Laptop_0,4916,motion_blur,kernel_px,41.0,110.64506348800833,7.270419128462818,84.15968322753906,0.0010630289713541667,0.0,0.0,0.0,0,0.47259710394296095
Laptop_0,4916,noise,sigma,10.0,5031.051049161183,7.575427666935567,83.71236673990886,0.011637369791666666,0.0,0.0,0.0,0,0.7566576677965242
Laptop_0,4916,noise,sigma,25.0,9173.678078373538,7.649078824473819,84.1982930501302,0.022474500868055556,0.0,0.0,0.0,0,0.7446501401030634
Laptop_0,4916,noise,sigma,50.0,21173.711667507952,7.7244240502618995,86.7931620279948,0.04017978244357639,0.0,0.0,0.0,0,0.7117049052553346
Laptop_0,4916,dark,gamma,2.0,4640.737843825374,6.5794438866196225,41.044981214735245,0.22872416178385416,0.0,0.0,0.0,0,0.6706049047320791
Laptop_0,4916,dark,gamma,3.0,4658.758191621955,5.358600607622299,25.52875434027778,0.5399610731336806,0.0,0.0,0.0,0,0.2819472416546855
Laptop_0,4916,dark,gamma,4.5,4582.138147412208,3.7678186667835307,15.99941677517361,0.7354007297092013,0.0,0.0,0.0,0,0.10314009988200577
Laptop_0,4916,overexpose,gamma,0.5,3211.744755969255,7.521806107192355,136.71483696831598,0.0120086669921875,0.0,0.0,0.0,0,0.3472641867356287
Laptop_0,4916,overexpose,gamma,0.3,2535.318011293244,7.225828246360516,171.98472934299045,0.0174102783203125,0.0,0.0,0.0,0,0.07461690005584391
Laptop_0,4916,overexpose,gamma,0.15,2113.3624849164894,6.575803612279012,207.05199686686197,0.03263685438368055,0.0,0.0,0.0,0,0.0
Laptop_0,4916,jpeg,quality,30.0,4196.380817100671,7.547739307302297,84.11958482530382,0.011060926649305556,1.0,0.0,0.0,1,0.7539527714021618
Laptop_0,4916,jpeg,quality,10.0,3572.692777534461,7.425826689489517,84.19358656141493,0.010252210828993056,0.0,0.0,0.0,0,0.7539971132207736
Laptop_0,4916,jpeg,quality,3.0,3080.578124522978,5.679018619081471,83.99435085720486,0.028555976019965276,0.0,0.0,0.0,0,0.6176184799456355
Laptop_0,4953,baseline,none,0.0,5330.372140659493,7.362330351523329,78.77454630533855,0.009889390733506944,1.0,0.0,0.0,0,0.7961910844886365
Laptop_0,4953,gauss_blur,sigma,1.0,297.82042940894587,7.32231529823976,78.80978902180989,9.1552734375e-05,1.0,0.0,0.0,0,0.6031887498061123
Laptop_0,4953,gauss_blur,sigma,2.0,15.563276215789866,7.244272018602525,78.81547546386719,8.477105034722223e-06,1.0,0.0,0.0,0,0.29708034953604684
Laptop_0,4953,gauss_blur,sigma,4.0,2.3645900956895427,7.1641773521344,78.82237752278645,0.0,1.0,0.0,0.0,0,0.12839478236189686
Laptop_0,4953,gauss_blur,sigma,8.0,1.8058692082090095,7.071210631672299,78.82361348470052,0.0,1.0,0.0,0.0,0,0.10917691551995846
Laptop_0,4953,motion_blur,kernel_px,9.0,624.2365401649247,7.294096032433544,78.81035698784723,8.816189236111111e-05,1.0,0.0,0.0,0,0.6813169179670647
Laptop_0,4953,motion_blur,kernel_px,21.0,250.768893517275,7.2076721142808795,78.81669108072917,5.086263020833333e-06,1.0,0.0,0.0,0,0.5850688784217652
Laptop_0,4953,motion_blur,kernel_px,41.0,126.25462200427945,7.121745334438856,78.81934102376302,0.0,1.0,0.0,0.0,0,0.5128498493040299
Laptop_0,4953,noise,sigma,10.0,6159.761611839825,7.502427695784634,78.41200086805556,0.011086357964409722,1.0,0.0,0.0,0,0.7980295363621634
Laptop_0,4953,noise,sigma,25.0,10248.000471828163,7.581691059146345,79.06246270073785,0.023681640625,1.0,0.0,0.0,0,0.7829040567448828
Laptop_0,4953,noise,sigma,50.0,22070.403768167027,7.66677708107598,82.02990383572049,0.042578803168402776,1.0,0.0,0.0,0,0.7455545074088059
Laptop_0,4953,dark,gamma,2.0,5411.811934197455,6.41763012950772,36.565144856770836,0.2542029486762153,1.0,0.0,0.0,0,0.6079372214210456
Laptop_0,4953,dark,gamma,3.0,5146.558568408847,5.123822576063497,21.841288248697918,0.5749257405598959,1.0,0.0,0.0,0,0.2399022011667854
Laptop_0,4953,dark,gamma,4.5,4800.404555120951,3.5277491824439897,13.039008246527779,0.7569105360243056,1.0,0.0,0.0,0,0.08580947720234952
Laptop_0,4953,overexpose,gamma,0.5,4434.214657177114,7.502663619612704,131.8055623372396,0.008217705620659722,1.0,0.0,0.0,0,0.38663518156989324
Laptop_0,4953,overexpose,gamma,0.3,3708.4602786569285,7.231043689695255,167.94736056857639,0.012208726671006944,1.0,0.0,0.0,0,0.10616875737071466
Laptop_0,4953,overexpose,gamma,0.15,3269.108526209089,6.603126877505588,204.21434020996094,0.023932562934027776,1.0,0.0,0.0,0,0.0
Laptop_0,4953,jpeg,quality,30.0,5238.562149109653,7.47263676159601,78.84574720594618,0.008992513020833334,1.0,0.0,0.0,0,0.7963610480510397
Laptop_0,4953,jpeg,quality,10.0,4401.178162179861,7.360509783261493,78.91080220540364,0.008424546983506944,1.0,0.0,0.0,0,0.7963134978822776
Laptop_0,4953,jpeg,quality,3.0,3634.537761588659,5.746088446401769,78.81816948784723,0.028079562717013888,1.0,0.0,0.0,0,0.6583398389405899
Laptop_0,4979,baseline,none,0.0,3892.4732820153617,7.543313928147317,93.34859381781683,0.011650933159722222,1.0,0.0,0.0,0,0.682241377566602
Laptop_0,4979,gauss_blur,sigma,1.0,251.92716958870207,7.523076405580243,93.37453036838107,0.0028127034505208335,1.0,0.0,0.0,0,0.5012920541090033
Laptop_0,4979,gauss_blur,sigma,2.0,13.998591095137263,7.464279789769934,93.37771606445312,0.001476711697048611,1.0,0.0,0.0,0,0.2456572702947737
Laptop_0,4979,gauss_blur,sigma,4.0,2.397638933937191,7.40220900097068,93.3802727593316,0.0,0.0,0.0,0.0,1,0.11111491023191859
Laptop_0,4979,gauss_blur,sigma,8.0,1.7674763996361025,7.3210184585572815,93.3824479844835,0.0,1.0,0.0,0.0,0,0.09247554999415057
Laptop_0,4979,motion_blur,kernel_px,9.0,557.4073010837129,7.507253753749181,93.37567816840277,0.00335693359375,1.0,0.0,0.0,0,0.5727248954592672
Laptop_0,4979,motion_blur,kernel_px,21.0,216.58548129388765,7.450856593403578,93.38052198621962,0.002743191189236111,1.0,0.0,0.0,0,0.48765696897530764
Laptop_0,4979,motion_blur,kernel_px,41.0,106.88148146653607,7.398107318666863,93.38617621527777,0.001788669162326389,1.0,0.0,0.0,0,0.4244752733497242
Laptop_0,4979,noise,sigma,10.0,4748.804801949582,7.666673486318321,92.90017869737413,0.010752360026041666,1.0,0.0,0.0,0,0.6863272230664196
Laptop_0,4979,noise,sigma,25.0,8970.477617273626,7.728690604461917,93.18648783365886,0.017652723524305556,1.0,0.0,0.0,0,0.6793425353935612
Laptop_0,4979,noise,sigma,50.0,21565.985156200823,7.792019028976462,94.9965328640408,0.0315399169921875,1.0,0.0,0.0,0,0.6560438712788002
Laptop_0,4979,dark,gamma,2.0,4354.396813173986,6.857042002080637,47.1889394124349,0.1695743136935764,1.0,0.0,0.0,0,0.7881519297312299
Laptop_0,4979,dark,gamma,3.0,4369.55460070708,5.787153270541215,29.389772203233505,0.4397108289930556,1.0,0.0,0.0,0,0.38519457219689457
Laptop_0,4979,dark,gamma,4.5,4291.698693874462,4.2604054432514005,18.16448465983073,0.6946631537543403,1.0,0.0,0.0,0,0.13780647416504016
Laptop_0,4979,overexpose,gamma,0.5,2887.9413957608,7.500171948490797,145.75389946831598,0.014278835720486112,1.0,0.0,0.0,0,0.27685691876845164
Laptop_0,4979,overexpose,gamma,0.3,2182.0625137393527,7.153091013714899,179.38939581976996,0.019868638780381944,1.0,0.0,0.0,0,0.01773063775050829
Laptop_0,4979,overexpose,gamma,0.15,1704.1757584404347,6.460259078490046,211.99166531032986,0.03483751085069445,1.0,0.0,0.0,0,0.0
Laptop_0,4979,jpeg,quality,30.0,3961.470586128803,7.625551531330634,93.34511481391058,0.012607150607638888,1.0,0.0,0.0,0,0.6816081531851749
Laptop_0,4979,jpeg,quality,10.0,3425.354246158634,7.441298073851512,93.31249491373698,0.010893079969618056,0.0,0.0,0.0,5,0.683043461960394
Laptop_0,4979,jpeg,quality,3.0,3009.500618768232,5.621946668734017,93.18429056803386,0.023718939887152776,0.0,0.0,0.0,4,0.5566647823364221
Laptop_0,5024,baseline,none,0.0,3206.85433161631,7.527642859762633,108.14132690429688,0.013883802625868056,1.0,0.0,0.0,0,0.5667363631020612
Laptop_0,5024,gauss_blur,sigma,1.0,218.40954500984083,7.479544422637532,108.15704176161024,0.005140516493055556,1.0,0.0,0.0,0,0.4057249289366239
Laptop_0,5024,gauss_blur,sigma,2.0,12.61860813361443,7.419358043046398,108.15840996636285,0.0029924180772569445,1.0,0.0,0.0,0,0.196958803882536
Laptop_0,5024,gauss_blur,sigma,4.0,2.308059680974111,7.35962077618369,108.15749782986111,0.0,1.0,0.0,0.0,0,0.0905034838555812
Laptop_0,5024,gauss_blur,sigma,8.0,1.711529201583615,7.26550028442359,108.15941026475694,0.0,1.0,0.0,0.0,0,0.07545880418765583
Laptop_0,5024,motion_blur,kernel_px,9.0,503.73822516630327,7.468142675761645,108.15628729926215,0.006022135416666667,1.0,0.0,0.0,0,0.4680141505531148
Laptop_0,5024,motion_blur,kernel_px,21.0,191.4326116475679,7.416029931517438,108.15736728244357,0.004686143663194444,1.0,0.0,0.0,0,0.3960302392283932
Laptop_0,5024,motion_blur,kernel_px,41.0,94.74664652340378,7.370316991531623,108.1555887858073,0.002795749240451389,1.0,0.0,0.0,0,0.3441322713940004
Laptop_0,5024,noise,sigma,10.0,4068.7138394088342,7.651695456444032,107.61510552300348,0.011067708333333334,1.0,0.0,0.0,0,0.5724204204614377
Laptop_0,5024,noise,sigma,25.0,8448.723159559966,7.731845453651953,107.6860860188802,0.012973361545138888,1.0,0.0,0.0,0,0.5707700365514209
Laptop_0,5024,noise,sigma,50.0,21969.21969094725,7.81902537133262,108.50611029730902,0.020773993598090276,1.0,0.0,0.0,0,0.559985795784536
Laptop_0,5024,dark,gamma,2.0,3718.0202610783113,7.110296535511339,57.068422105577255,0.09041002061631945,1.0,0.0,0.0,0,0.8856883831609639
Laptop_0,5024,dark,gamma,3.0,3808.252819239531,6.29489877235645,35.30897013346354,0.2697991265190972,1.0,0.0,0.0,0,0.5772252690457519
Laptop_0,5024,dark,gamma,4.5,3821.1217393933057,4.958858784496996,21.127609252929688,0.6035478379991319,1.0,0.0,0.0,0,0.2149373125850436
Laptop_0,5024,overexpose,gamma,0.5,2267.2108815639413,7.2992201098526515,159.72608608669705,0.016486273871527776,1.0,0.0,0.0,0,0.16887881731550514
Laptop_0,5024,overexpose,gamma,0.3,1624.464182947785,6.883222879565696,190.5093536376953,0.022452460394965276,1.0,0.0,0.0,0,0.0
Laptop_0,5024,overexpose,gamma,0.15,1163.8954923867595,6.139290848274278,219.11141798231336,0.038477579752604164,1.0,0.0,0.0,0,0.0
Laptop_0,5024,jpeg,quality,30.0,3271.0472862903275,7.55819076271553,108.11969841851129,0.014260186089409722,1.0,0.0,0.0,0,0.5666866126188391
Laptop_0,5024,jpeg,quality,10.0,2855.3579756654335,7.1763819325865175,108.06972079806857,0.011998494466145834,0.0,0.0,0.0,1,0.5683725895889641
Laptop_0,5024,jpeg,quality,3.0,2480.381021370077,5.429394152602709,107.47463480631511,0.02276611328125,1.0,0.0,0.0,0,0.4512515319523953
Laptop_0,5035,baseline,none,0.0,3833.818386739944,7.592725357122553,105.4339616563585,0.015479193793402778,1.0,0.0,0.0,0,0.5866433529754207
Laptop_0,5035,gauss_blur,sigma,1.0,258.8969030976267,7.531923338002306,105.45366075303819,0.005849202473958333,1.0,0.0,0.0,0,0.4335424594327106
Laptop_0,5035,gauss_blur,sigma,2.0,14.33388093900062,7.459243394488032,105.45536465115018,0.0034925672743055555,1.0,0.0,0.0,0,0.21336644117339862
Laptop_0,5035,gauss_blur,sigma,4.0,2.3853030731113924,7.394193436747043,105.45841640896268,0.0,1.0,0.0,0.0,0,0.09563500627286388
Laptop_0,5035,gauss_blur,sigma,8.0,1.7545776363048284,7.29589947656353,105.45858595106337,0.0,1.0,0.0,0.0,0,0.07946519072816112
Laptop_0,5035,motion_blur,kernel_px,9.0,567.2423060069917,7.515226822610639,105.45489332411024,0.006878323025173611,1.0,0.0,0.0,0,0.4940165696201578
Laptop_0,5035,motion_blur,kernel_px,21.0,216.73831758896526,7.450965347401434,105.45859612358942,0.005179511176215278,1.0,0.0,0.0,0,0.41999780779548407
Laptop_0,5035,motion_blur,kernel_px,41.0,107.80063211055254,7.396568866095384,105.4584469265408,0.0030364990234375,1.0,0.0,0.0,0,0.36665907905257566
Laptop_0,5035,noise,sigma,10.0,4691.468091261561,7.7098331078434885,104.94349839952257,0.012568155924479166,1.0,0.0,0.0,0,0.5921615302986202
Laptop_0,5035,noise,sigma,25.0,9012.089132238567,7.768761386719083,105.06106567382812,0.015190972222222222,1.0,0.0,0.0,0,0.589684089433034
Laptop_0,5035,noise,sigma,50.0,22198.954105576264,7.8362923576709305,105.98503790961371,0.02423095703125,1.0,0.0,0.0,0,0.5772275049190891
Laptop_0,5035,dark,gamma,2.0,4299.577534395498,7.126678902836623,55.8642323811849,0.10829332139756945,1.0,0.0,0.0,0,0.8766639454318657
Laptop_0,5035,dark,gamma,3.0,4329.157859662879,6.25774993641105,35.05052524142795,0.3110826280381944,1.0,0.0,0.0,0,0.5401001611085416
Laptop_0,5035,dark,gamma,4.5,4280.462463374758,4.88774395044271,21.452855428059895,0.6117299397786459,1.0,0.0,0.0,0,0.20818977669544889
Laptop_0,5035,overexpose,gamma,0.5,2818.109250315178,7.418318540424857,156.8004116482205,0.018266465928819444,1.0,0.0,0.0,0,0.191012459140719
Laptop_0,5035,overexpose,gamma,0.3,2095.0170329549665,7.020419218227246,188.02892388237848,0.024724324544270832,1.0,0.0,0.0,0,0.0
Laptop_0,5035,overexpose,gamma,0.15,1581.48224558649,6.290077317922701,217.38600158691406,0.04153611924913195,1.0,0.0,0.0,0,0.0
Laptop_0,5035,jpeg,quality,30.0,3933.6444536731015,7.6603372820254805,105.42510647243924,0.015626695421006944,1.0,0.0,0.0,0,0.5866235616910144
Laptop_0,5035,jpeg,quality,10.0,3439.0927582227896,7.399437170212025,105.36853705512152,0.012975056966145834,0.0,0.0,0.0,2,0.5886399829642297
Laptop_0,5035,jpeg,quality,3.0,2942.7709703776463,5.753629585753724,104.92081536187067,0.025149875217013888,1.0,0.0,0.0,0,0.49344499158564753
MobilePhone_0,622,baseline,none,0.0,2626.3330586731877,7.328054597551067,94.35596889919705,0.003161960177951389,1.0,0.0,0.0,1,0.6802559455107616
MobilePhone_0,622,gauss_blur,sigma,1.0,175.66331809862334,7.303509840499199,94.38456895616319,2.8822157118055555e-05,1.0,0.0,0.0,1,0.4647135144358838
MobilePhone_0,622,gauss_blur,sigma,2.0,11.414976261070365,7.2275886279095065,94.39044019911024,0.0,0.6666666666666666,0.0,0.0,2,0.22622109289952302
MobilePhone_0,622,gauss_blur,sigma,4.0,2.115414079278707,7.136436060290331,94.39365980360243,0.0,1.0,0.0,0.0,1,0.10205217888216882
MobilePhone_0,622,gauss_blur,sigma,8.0,1.658930451916761,7.062886908961833,94.39251878526476,0.0,1.0,0.0,0.0,1,0.08782462649614162
MobilePhone_0,622,motion_blur,kernel_px,9.0,634.758597287105,7.28494888306504,94.38655429416232,1.3563368055555555e-05,1.0,0.0,0.0,1,0.5797210446463817
MobilePhone_0,622,motion_blur,kernel_px,21.0,414.69879949545583,7.212001134863097,94.39268493652344,0.0,1.0,0.0,0.0,1,0.5415329666868405
MobilePhone_0,622,motion_blur,kernel_px,41.0,293.01382561938345,7.163591589181573,94.39237806532118,0.0,1.0,0.0,0.0,1,0.5104315131009507
MobilePhone_0,622,noise,sigma,10.0,3507.8213293287495,7.4859407200042325,93.9087643093533,0.005681355794270833,1.0,0.0,0.0,1,0.6820106118176664
MobilePhone_0,622,noise,sigma,25.0,7963.476290160845,7.596913604839013,94.15323723687067,0.008383856879340278,1.0,0.0,0.0,1,0.6782630140217035
MobilePhone_0,622,noise,sigma,50.0,21167.717567681706,7.736033956419009,95.71251085069444,0.016498141818576388,1.0,0.0,0.0,1,0.6607320153605228
MobilePhone_0,622,dark,gamma,2.0,2946.2160228148623,6.745532058422283,44.785254584418404,0.0805630154079861,0.6666666666666666,0.0,0.0,2,0.846186048916665
MobilePhone_0,622,dark,gamma,3.0,2782.2461920135925,5.741984532867168,25.54621039496528,0.4128672281901042,0.6666666666666666,0.0,0.0,2,0.3856525057799805
MobilePhone_0,622,dark,gamma,4.5,2428.671241188755,4.084776850612875,13.56706068250868,0.6902381049262153,0.6666666666666666,0.0,0.0,2,0.12737545215716808
MobilePhone_0,622,overexpose,gamma,0.5,1777.4747782982429,7.194559588043155,148.76806810167102,0.002438015407986111,1.0,0.0,0.0,1,0.25290809391291613
MobilePhone_0,622,overexpose,gamma,0.3,1212.0147424667243,6.8188016544542265,182.53986104329428,0.003913031684027778,1.0,0.0,0.0,1,0.0
MobilePhone_0,622,overexpose,gamma,0.15,820.4154723543147,6.0954218390019275,214.5546875,0.01055908203125,1.0,0.0,0.0,1,0.0
MobilePhone_0,622,jpeg,quality,30.0,2686.477580606727,7.3487413961341925,94.35407172309027,0.003985934787326389,1.0,0.0,0.0,1,0.6797084165502811
MobilePhone_0,622,jpeg,quality,10.0,2278.289604061076,6.856000745189753,94.21705966525607,0.004487779405381944,1.0,0.0,0.0,1,0.6804315464168785
MobilePhone_0,622,jpeg,quality,3.0,2126.4227202462894,4.86837941530254,93.67820739746094,0.018274943033854168,0.6666666666666666,0.0,0.0,2,0.48203263703950766
MobilePhone_0,1243,baseline,none,0.0,1988.168105228447,6.884058630370486,53.26935153537326,0.011839124891493056,1.0,0.0,0.0,0,0.98479825392584
MobilePhone_0,1243,gauss_blur,sigma,1.0,143.29044196115404,6.904283737734799,53.30711025661893,0.0026295979817708335,1.0,0.0,0.0,0,0.6508276308292805
MobilePhone_0,1243,gauss_blur,sigma,2.0,12.044518116344184,6.820349612174461,53.30873786078559,0.0007002088758680555,1.0,0.0,0.0,0,0.336861961936235
MobilePhone_0,1243,gauss_blur,sigma,4.0,2.464952254001005,6.7037606530341245,53.30908203125,0.0,1.0,0.0,0.0,0,0.16035485661365687
MobilePhone_0,1243,gauss_blur,sigma,8.0,1.772189669724967,6.565930123766724,53.31086900499132,0.0,1.0,0.0,0.0,0,0.12886822867222586
MobilePhone_0,1243,motion_blur,kernel_px,9.0,280.51825943992753,6.860303231187464,53.310828314887154,0.0013597276475694445,1.0,0.0,0.0,0,0.7392807849072209
MobilePhone_0,1243,motion_blur,kernel_px,21.0,121.36066638646119,6.747764945067838,53.31563483344184,8.307562934027778e-05,1.0,0.0,0.0,0,0.6243319585855333
MobilePhone_0,1243,motion_blur,kernel_px,41.0,64.72851771798938,6.6386345982450035,53.32189602322049,0.0,1.0,0.0,0.0,0,0.5348978519474108
MobilePhone_0,1243,noise,sigma,10.0,2824.4398262415184,7.034516110456824,53.052652994791664,0.026555379231770832,1.0,0.0,0.0,0,0.968484077430764
MobilePhone_0,1243,noise,sigma,25.0,6707.297810726483,7.12002836086846,54.49668884277344,0.049691094292534724,1.0,0.0,0.0,0,0.944430614053101
MobilePhone_0,1243,noise,sigma,50.0,17526.94114510548,7.261931999211769,59.384889390733505,0.07004462348090278,1.0,0.0,0.0,0,0.8886888569817709
MobilePhone_0,1243,dark,gamma,2.0,1619.954475370405,5.413634699148729,18.197418212890625,0.4280666775173611,1.0,0.0,0.0,0,0.31927392097501267
MobilePhone_0,1243,dark,gamma,3.0,1353.5756220263581,3.7433018449997912,8.770275539822048,0.7668372260199653,1.0,0.0,0.0,0,0.07886367723220677
MobilePhone_0,1243,dark,gamma,4.5,1115.3279814798525,2.072374727927266,4.3622487386067705,0.8929307725694444,1.0,0.0,0.0,0,0.018475917253507865
MobilePhone_0,1243,overexpose,gamma,0.5,1998.0377355522833,7.330843306225702,106.74146355523004,0.0012902153862847222,1.0,0.0,0.0,0,0.5848964162233407
MobilePhone_0,1243,overexpose,gamma,0.3,1888.723779014595,7.205408109043939,147.28457302517361,0.0021497938368055555,1.0,0.0,0.0,0,0.2665190786345031
MobilePhone_0,1243,overexpose,gamma,0.15,1994.8754845958308,6.683956471860995,190.55606926812067,0.005154079861111111,1.0,0.0,0.0,0,0.0
MobilePhone_0,1243,jpeg,quality,30.0,1915.0688857524365,7.001716489279939,53.34627109103732,0.0127105712890625,1.0,0.0,0.0,0,0.9796699914595612
MobilePhone_0,1243,jpeg,quality,10.0,1631.1978278629174,6.907679259333073,53.48808288574219,0.011127048068576388,1.0,0.0,0.0,0,0.9614907181703225
MobilePhone_0,1243,jpeg,quality,3.0,1412.3654509766116,4.2151471252854416,53.114205254448784,0.08104960123697917,1.0,0.0,0.0,0,0.5400078751425064
MobilePhone_0,4519,baseline,none,0.0,3382.311472784655,7.449289073644402,83.09559461805556,0.004457261827256944,1.0,0.0,0.0,0,0.766951575192757
MobilePhone_0,4519,gauss_blur,sigma,1.0,278.700601279632,7.406950962658114,83.13510131835938,4.0690104166666664e-05,1.0,0.0,0.0,0,0.5711587270703224
MobilePhone_0,4519,gauss_blur,sigma,2.0,19.270526228653672,7.289102917434693,83.1379631890191,0.0,1.0,0.0,0.0,0,0.30507952650158376
MobilePhone_0,4519,gauss_blur,sigma,4.0,2.6612328309307083,7.171727649687858,83.14096577962239,0.0,1.0,0.0,0.0,0,0.13157129724280836
MobilePhone_0,4519,gauss_blur,sigma,8.0,1.83279756994711,7.06414089790451,83.14571295844183,0.0,1.0,0.0,0.0,0,0.10555861054818864
MobilePhone_0,4519,motion_blur,kernel_px,9.0,489.82799061801404,7.378924295586497,83.1334957546658,5.0862630208333336e-05,1.0,0.0,0.0,0,0.6281772636705572
MobilePhone_0,4519,motion_blur,kernel_px,21.0,242.58656174634058,7.2739773184244925,83.1388431125217,0.0,1.0,0.0,0.0,0,0.557144428403997
MobilePhone_0,4519,motion_blur,kernel_px,41.0,142.08245392225362,7.185165465348998,83.14286465115018,0.0,1.0,0.0,0.0,0,0.5031832350859865
MobilePhone_0,4519,noise,sigma,10.0,4234.180822722705,7.583907546139928,82.81288486056857,0.009446885850694444,1.0,0.0,0.0,0,0.7652954466978339
MobilePhone_0,4519,noise,sigma,25.0,8400.94016314712,7.634478640902329,83.52610439724393,0.024169921875,1.0,0.0,0.0,0,0.7484831644429101
MobilePhone_0,4519,noise,sigma,50.0,20917.707385486843,7.695254110763385,86.43141174316406,0.0399322509765625,1.0,0.0,0.0,0,0.7146017679842771
MobilePhone_0,4519,dark,gamma,2.0,3096.437866644289,6.6206816528476455,38.47772894965278,0.2300601535373264,1.0,0.0,0.0,0,0.6586452040016181
MobilePhone_0,4519,dark,gamma,3.0,2619.4183288723884,5.478637058733985,21.368543836805557,0.4719000922309028,1.0,0.0,0.0,0,0.31711959781954463
MobilePhone_0,4519,dark,gamma,4.5,2090.714419589171,3.9984208512983415,10.77418687608507,0.6841498480902778,1.0,0.0,0.0,0,0.12309202398073232
MobilePhone_0,4519,overexpose,gamma,0.5,2899.4137133094273,7.567115297958245,135.42228359646268,0.0023040771484375,1.0,0.0,0.0,0,0.3607500114958384
MobilePhone_0,4519,overexpose,gamma,0.3,2480.4653091165756,7.292132798173294,170.37169392903647,0.003139919704861111,1.0,0.0,0.0,0,0.08826284750569878
MobilePhone_0,4519,overexpose,gamma,0.15,2357.3001142900266,6.659940459545505,205.3737318250868,0.007593790690104167,1.0,0.0,0.0,0,0.0
MobilePhone_0,4519,jpeg,quality,30.0,3478.3713823030976,7.560506124620573,83.17334323459201,0.005011664496527778,1.0,0.0,0.0,0,0.7659201045529767
MobilePhone_0,4519,jpeg,quality,10.0,3077.3094837270933,7.421929023647072,83.2625223795573,0.005008273654513889,1.0,0.0,0.0,0,0.7652294920031344
MobilePhone_0,4519,jpeg,quality,3.0,2740.8560781950637,6.242754555841278,83.55410427517361,0.041710747612847224,1.0,0.0,0.0,0,0.6727511620523283
MobilePhone_0,4632,baseline,none,0.0,3769.7897920372584,7.555392050153642,89.34998745388455,0.008253309461805556,1.0,0.0,0.0,1,0.7155679884177336
MobilePhone_0,4632,gauss_blur,sigma,1.0,291.1761678635907,7.480547126392987,89.38229031032986,8.646647135416667e-05,1.0,0.0,0.0,1,0.5390786164668452
MobilePhone_0,4632,gauss_blur,sigma,2.0,18.81636142726113,7.372294201507934,89.38515896267361,3.390842013888889e-05,0.0,0.0,0.0,1,0.28358216304217
MobilePhone_0,4632,gauss_blur,sigma,4.0,2.5575323446918232,7.258733301769752,89.38539462619357,0.0,0.0,0.0,0.0,1,0.1205073278089902
MobilePhone_0,4632,gauss_blur,sigma,8.0,1.851969399385982,7.153431549111502,89.39035203721788,0.0,0.0,0.0,0.0,1,0.09951094884044712
MobilePhone_0,4632,motion_blur,kernel_px,9.0,850.5909479861898,7.46618599665251,89.38365512424045,7.62939453125e-05,0.0,0.0,0.0,2,0.6406509236522197
MobilePhone_0,4632,motion_blur,kernel_px,21.0,521.8280203005668,7.375139175530349,89.39192030164931,0.0,0.0,0.0,0.0,0,0.5943203943754493
MobilePhone_0,4632,motion_blur,kernel_px,41.0,361.7188981132994,7.314674052407172,89.3935309516059,0.0,0.0,0.0,0.0,0,0.5595943363192938
MobilePhone_0,4632,noise,sigma,10.0,4631.449298237163,7.6670756966769025,88.98463948567708,0.011727227105034722,0.0,0.0,0.0,2,0.7158822853447262
MobilePhone_0,4632,noise,sigma,25.0,8829.093436532548,7.710200232352882,89.64489407009549,0.022355821397569444,0.0,0.0,0.0,2,0.703140251470033
MobilePhone_0,4632,noise,sigma,50.0,21422.413815402288,7.767066251606531,92.06698947482639,0.035529242621527776,0.0,0.0,0.0,0,0.6754153628800715
MobilePhone_0,4632,dark,gamma,2.0,3529.0903629191375,6.760475691907175,43.47603861490885,0.21364847819010416,0.0,0.0,0.0,1,0.717332357893596
MobilePhone_0,4632,dark,gamma,3.0,3047.8756568820227,5.642598519865355,25.055065578884548,0.4560953776041667,0.0,0.0,0.0,0,0.3493478219547343
MobilePhone_0,4632,dark,gamma,4.5,2464.9945315083855,4.18834996827582,13.028150770399305,0.6475101047092013,0.0,0.0,0.0,1,0.14770903458438364
MobilePhone_0,4632,overexpose,gamma,0.5,3183.9887317542193,7.572637099988151,141.35547383626303,0.003787570529513889,0.0,0.0,0.0,1,0.31403612201330233
MobilePhone_0,4632,overexpose,gamma,0.3,2676.9905469955643,7.2550071225692365,175.37526279025607,0.004738701714409722,0.0,0.0,0.0,1,0.049216145904345636
MobilePhone_0,4632,overexpose,gamma,0.15,2482.1100498396463,6.580647021307704,208.98003980848523,0.009984334309895834,0.0,0.0,0.0,1,0.0
MobilePhone_0,4632,jpeg,quality,30.0,3908.858601722406,7.656282845976712,89.40150282118056,0.009160359700520834,1.0,0.0,0.0,1,0.7145147537685261
MobilePhone_0,4632,jpeg,quality,10.0,3488.6226241662084,7.589952716526055,89.48425632052951,0.009899563259548612,0.0,0.0,0.0,4,0.7133415874155886
MobilePhone_0,4632,jpeg,quality,3.0,3179.219171199535,6.32826472192022,89.40964592827692,0.036749945746527776,0.0,0.0,0.0,6,0.6446007563421454
MobilePhone_0,4647,baseline,none,0.0,3115.0240350715976,7.287417256997572,69.5640360514323,0.010186089409722222,1.0,0.0,0.0,2,0.8671766459432726
MobilePhone_0,4647,gauss_blur,sigma,1.0,236.81732012828195,7.287147796788712,69.61062622070312,0.0013834635416666667,1.0,0.0,0.0,2,0.6299762481995508
MobilePhone_0,4647,gauss_blur,sigma,2.0,16.744659666153083,7.222846426661051,69.61790805392795,0.0007137722439236111,1.0,0.0,0.0,2,0.3313463122295999
MobilePhone_0,4647,gauss_blur,sigma,4.0,2.5466443756480293,7.129925270977756,69.6222161187066,7.290310329861111e-05,0.6666666666666666,0.0,0.0,1,0.14594075467278597
MobilePhone_0,4647,gauss_blur,sigma,8.0,1.8140343549736064,7.030943702906637,69.62523057725694,0.0,0.6666666666666666,0.0,0.0,1,0.1192731608614759
MobilePhone_0,4647,motion_blur,kernel_px,9.0,574.3155048977882,7.269232155711277,69.60545349121094,0.0009206136067708334,1.0,0.0,0.0,2,0.7320636213548048
MobilePhone_0,4647,motion_blur,kernel_px,21.0,305.5723490433558,7.190614063848094,69.6109127468533,0.00011528862847222222,0.0,0.0,0.0,0,0.6600510492521313
MobilePhone_0,4647,motion_blur,kernel_px,41.0,192.94582619600533,7.124666200471298,69.6129133436415,0.0,0.0,0.0,0.0,0,0.6073247514652403
MobilePhone_0,4647,noise,sigma,10.0,3960.869026316304,7.422433329901823,69.324708726671,0.017976548936631944,0.4,0.0,0.0,3,0.8621875521757268
MobilePhone_0,4647,noise,sigma,25.0,7957.510514645378,7.48513021951681,70.44484286838107,0.038397894965277776,0.5,0.0,0.0,2,0.8358431880489526
MobilePhone_0,4647,noise,sigma,50.0,19442.99015913901,7.561254962835582,74.26919894748264,0.056464301215277776,0.0,0.0,0.0,0,0.7919487637695124
MobilePhone_0,4647,dark,gamma,2.0,2621.1480372445903,6.099830149287942,29.853742811414932,0.3485005696614583,0.6666666666666666,0.0,0.0,1,0.47421335498122974
MobilePhone_0,4647,dark,gamma,3.0,2172.6471877081526,4.713311271020073,16.316699557834202,0.6143307156032987,0.6666666666666666,0.0,0.0,1,0.18871806019286538
MobilePhone_0,4647,dark,gamma,4.5,1730.81632288734,3.1558814752467153,8.372407701280382,0.7844628228081597,0.0,0.0,0.0,1,0.06325142625601349
MobilePhone_0,4647,overexpose,gamma,0.5,2952.26748274425,7.568587663858441,121.83977932400174,0.0032942030164930555,1.0,0.0,0.0,2,0.4661557545158881
MobilePhone_0,4647,overexpose,gamma,0.3,2700.6831544171214,7.369431345329942,159.11387464735242,0.003992716471354167,1.0,0.0,0.0,2,0.17578788703212933
MobilePhone_0,4647,overexpose,gamma,0.15,2762.712219347347,6.799551314255085,197.79954698350696,0.007966783311631944,0.5,0.0,0.0,2,0.0
MobilePhone_0,4647,jpeg,quality,30.0,3204.528908159986,7.397235221292178,69.67898898654514,0.010957505967881944,0.5,0.0,0.0,2,0.8656125781672691
MobilePhone_0,4647,jpeg,quality,10.0,2774.8095686938377,7.2784083855528765,69.85615709092882,0.010392930772569444,0.0,0.0,0.0,2,0.8647369551634504
MobilePhone_0,4647,jpeg,quality,3.0,2458.525597995033,5.614466305003286,70.08667839898004,0.06352403428819445,0.0,0.0,0.0,3,0.6724003884865025
MobilePhone_0,4671,baseline,none,0.0,1337.7700672072815,6.567613014276182,41.99888441297743,0.025441487630208332,1.0,0.0,0.0,1,0.8083664184899457
MobilePhone_0,4671,gauss_blur,sigma,1.0,108.56755561498575,6.636377715691457,42.03260633680556,0.016381157769097224,1.0,0.0,0.0,1,0.5379625599060575
MobilePhone_0,4671,gauss_blur,sigma,2.0,9.144175190329094,6.584041575871652,42.036770290798614,0.011481391059027778,1.0,0.0,0.0,1,0.2646160339921196
MobilePhone_0,4671,gauss_blur,sigma,4.0,2.2252332715340604,6.492939431509306,42.03914218478732,0.005347357855902778,0.0,0.0,0.0,0,0.13271255641998186
MobilePhone_0,4671,gauss_blur,sigma,8.0,1.6160379961753886,6.3623264601758365,42.040902031792534,0.0016326904296875,0.0,0.0,0.0,0,0.10719517204926948
MobilePhone_0,4671,motion_blur,kernel_px,9.0,202.5073229925057,6.610668447413523,42.032584296332466,0.0127716064453125,1.0,0.0,0.0,1,0.6087507736296434
MobilePhone_0,4671,motion_blur,kernel_px,21.0,86.97971011249545,6.527976714323304,42.035257975260414,0.005939059787326389,0.0,0.0,0.0,0,0.5098176574516137
MobilePhone_0,4671,motion_blur,kernel_px,41.0,45.54823090797174,6.429031418329261,42.03834025065104,0.001376681857638889,0.0,0.0,0.0,0,0.43268431491928083
MobilePhone_0,4671,noise,sigma,10.0,2153.8933377911653,6.748159233916633,41.999513414171005,0.04571702745225695,1.0,0.0,0.0,1,0.8580441911737873
MobilePhone_0,4671,noise,sigma,25.0,5751.54979530307,6.869406418993932,44.099697536892364,0.08101738823784722,0.6666666666666666,0.0,0.0,2,0.8500213933547468
MobilePhone_0,4671,noise,sigma,50.0,15702.442619144496,7.036596555127588,50.156229654947914,0.09864976671006945,0.0,0.0,0.0,1,0.8763610431876405
MobilePhone_0,4671,dark,gamma,2.0,850.8819083394109,4.716680872107215,12.247600979275173,0.5947435167100694,0.5,0.0,0.0,3,0.16837174937407284
MobilePhone_0,4671,dark,gamma,3.0,585.1151540779778,3.006153447304398,5.091406928168403,0.8215162489149306,0.0,0.0,0.0,1,0.04095136526864581
MobilePhone_0,4671,dark,gamma,4.5,394.30128886890986,1.571844180449908,2.04573737250434,0.9319847954644097,0.0,0.0,0.0,0,0.007361745731033882
MobilePhone_0,4671,overexpose,gamma,0.5,1561.338881444864,7.228148276930316,92.55128309461806,0.0009562174479166666,1.0,0.0,0.0,1,0.6737191903281116
MobilePhone_0,4671,overexpose,gamma,0.3,1625.8865682969054,7.220424830796575,133.85290696885852,0.001071506076388889,1.0,0.0,0.0,1,0.36355844501639534
MobilePhone_0,4671,overexpose,gamma,0.15,1947.1845475422806,6.8148682127040905,180.05350748697916,0.00164794921875,1.0,0.0,0.0,1,0.012837882769247903
MobilePhone_0,4671,jpeg,quality,30.0,1360.711118818545,6.668225439680425,42.11243353949653,0.021960788302951388,1.0,0.0,0.0,1,0.8264315530523548
MobilePhone_0,4671,jpeg,quality,10.0,1185.0274798466241,6.3037971594193545,42.35013326009115,0.010484483506944444,0.0,0.0,0.0,1,0.7768865050821664
MobilePhone_0,4671,jpeg,quality,3.0,974.591410573983,3.768264777390634,42.51442633734809,0.18729654947916666,0.0,0.0,0.0,0,0.37141985770187674
MobilePhone_0,4851,baseline,none,0.0,4002.777096505335,7.410414788543656,73.16681416829427,0.029588487413194444,1.0,0.0,0.0,1,0.822864306105242
MobilePhone_0,4851,gauss_blur,sigma,1.0,287.0677196966386,7.408211685083494,73.20736016167535,0.010080973307291666,0.0,0.0,0.0,0,0.6256284563292774
MobilePhone_0,4851,gauss_blur,sigma,2.0,18.559847590260578,7.33325670592763,73.21278720431857,0.006425645616319444,0.6666666666666666,0.0,0.0,2,0.3296846808332164
MobilePhone_0,4851,gauss_blur,sigma,4.0,2.5747002095420974,7.223444803962399,73.21828715006511,0.003033108181423611,1.0,0.0,0.0,1,0.14171676309084977
MobilePhone_0,4851,gauss_blur,sigma,8.0,1.8311343608786248,7.105739818402186,73.22335984971788,0.0006917317708333334,1.0,0.0,0.0,1,0.11603976599475718
MobilePhone_0,4851,motion_blur,kernel_px,9.0,621.2249351767364,7.389107054965592,73.210695054796,0.009843614366319444,1.0,0.0,0.0,1,0.7108527058242982
MobilePhone_0,4851,motion_blur,kernel_px,21.0,324.09831676787354,7.30587359652035,73.21439276801215,0.005857679578993056,0.0,0.0,0.0,0,0.6416726681906905
MobilePhone_0,4851,motion_blur,kernel_px,41.0,203.37578166468236,7.239702222200112,73.21720377604167,0.0027058919270833335,0.0,0.0,0.0,0,0.5920351709178074
MobilePhone_0,4851,noise,sigma,10.0,4824.300930915674,7.52442592489842,72.95578002929688,0.0340423583984375,1.0,0.0,0.0,1,0.8206802069000535
MobilePhone_0,4851,noise,sigma,25.0,8689.528228607705,7.563872710915329,74.15529886881511,0.046162923177083336,1.0,0.0,0.0,1,0.8014439054494249
MobilePhone_0,4851,noise,sigma,50.0,20035.7416815203,7.62903316027024,77.88786315917969,0.058875189887152776,1.0,0.0,0.0,1,0.7633188400101556
MobilePhone_0,4851,dark,gamma,2.0,3357.162933763092,6.204530174755569,33.709448920355904,0.3574337429470486,0.0,0.0,0.0,2,0.4933514591164156
MobilePhone_0,4851,dark,gamma,3.0,2797.807404158497,4.8237567795833645,19.410207112630207,0.5969475640190972,0.0,0.0,0.0,2,0.2087366353510009
MobilePhone_0,4851,dark,gamma,4.5,2224.6147069208496,3.3701183764664533,10.379689534505209,0.745574951171875,0.0,0.0,0.0,0,0.08318531673820928
MobilePhone_0,4851,overexpose,gamma,0.5,3981.2539217492513,7.674265684484199,124.01039801703558,0.005394829644097222,0.6666666666666666,0.0,0.0,2,0.44830682567524854
MobilePhone_0,4851,overexpose,gamma,0.3,3848.4303760876146,7.4619348603198095,160.3479495578342,0.005655924479166667,0.0,0.0,0.0,1,0.16590766289219677
MobilePhone_0,4851,overexpose,gamma,0.15,4173.751997099984,6.881369388351242,198.26881578233508,0.01019287109375,0.0,0.0,0.0,0,0.0
MobilePhone_0,4851,jpeg,quality,30.0,4044.3436119743615,7.520890492973216,73.32046169704861,0.031487358940972224,0.0,0.0,0.0,1,0.8200915756364631
MobilePhone_0,4851,jpeg,quality,10.0,3434.1352803396226,7.438917601676837,73.45154656304254,0.028011745876736112,0.0,0.0,0.0,2,0.8220391498751403
MobilePhone_0,4851,jpeg,quality,3.0,3097.7888101012313,5.9953998673682385,73.41440667046442,0.0873904758029514,0.0,0.0,0.0,0,0.6788615747895205
MobilePhone_0,4890,baseline,none,0.0,4492.852273109839,7.590339829169935,87.69273037380643,0.028191460503472224,1.0,0.0,0.0,1,0.7137644721006825
MobilePhone_0,4890,gauss_blur,sigma,1.0,295.25394161707527,7.537923171911245,87.72972446017795,0.010245429144965278,1.0,0.0,0.0,1,0.5444790724390739
MobilePhone_0,4890,gauss_blur,sigma,2.0,18.213221144066246,7.431409101794266,87.73480394151476,0.006817287868923611,0.0,0.0,0.0,0,0.2837263466782874
MobilePhone_0,4890,gauss_blur,sigma,4.0,2.478746197186411,7.3183326157140165,87.73855760362413,0.0030517578125,0.0,0.0,0.0,1,0.1201247521097951
MobilePhone_0,4890,gauss_blur,sigma,8.0,1.820148032017765,7.216205287242566,87.74223497178819,0.00028313530815972225,0.0,0.0,0.0,0,0.10017475031651513
MobilePhone_0,4890,motion_blur,kernel_px,9.0,903.0213260963118,7.527080310980832,87.73135715060764,0.00994873046875,0.0,0.0,0.0,1,0.6513959277009442
MobilePhone_0,4890,motion_blur,kernel_px,21.0,547.0904380341066,7.445539065338493,87.73687913682726,0.005533854166666667,0.0,0.0,0.0,0,0.6061634662697414
MobilePhone_0,4890,motion_blur,kernel_px,41.0,379.40106812421885,7.389493695667079,87.73734707302518,0.002429538302951389,0.0,0.0,0.0,0,0.5728395128201775
MobilePhone_0,4890,noise,sigma,10.0,5318.648677870033,7.688003243823944,87.41855706108942,0.028981526692708332,0.6666666666666666,0.0,0.0,2,0.7152640931639729
MobilePhone_0,4890,noise,sigma,25.0,9357.531533073197,7.715884115979644,88.2360331217448,0.0348052978515625,0.0,0.0,0.0,1,0.7048099854576624
MobilePhone_0,4890,noise,sigma,50.0,21573.092647059075,7.7664320989619435,90.94037373860677,0.042443169487847224,0.0,0.0,0.0,1,0.6790016790591274
MobilePhone_0,4890,dark,gamma,2.0,3965.1535935354023,6.660982424412075,43.139428032769096,0.2553304036458333,1.0,0.0,0.0,1,0.6673985788596433
MobilePhone_0,4890,dark,gamma,3.0,3323.093800774039,5.502614099612683,24.98318650987413,0.4727766248914931,0.0,0.0,0.0,0,0.3299936104177477
MobilePhone_0,4890,dark,gamma,4.5,2624.733214204507,4.112208393368562,12.941931830512154,0.6322004530164931,0.0,0.0,0.0,1,0.15117316849836407
MobilePhone_0,4890,overexpose,gamma,0.5,4080.896284297832,7.654152857924899,138.46101718478732,0.005688137478298611,0.0,0.0,0.0,1,0.3359213232088897
MobilePhone_0,4890,overexpose,gamma,0.3,3658.8194181530685,7.361612412010412,172.28444247775607,0.005854288736979167,0.0,0.0,0.0,1,0.07316664957801958
MobilePhone_0,4890,overexpose,gamma,0.15,3674.4327586767126,6.714448938011513,206.28234693739148,0.011188083224826388,0.0,0.0,0.0,1,0.0
MobilePhone_0,4890,jpeg,quality,30.0,4546.461147415528,7.684628727759988,87.79607306586371,0.030473497178819444,1.0,0.0,0.0,1,0.711305622473761
MobilePhone_0,4890,jpeg,quality,10.0,3813.999615452697,7.629919685384036,87.89732021755643,0.026523166232638888,0.0,0.0,0.0,0,0.7134338199947156
MobilePhone_0,4890,jpeg,quality,3.0,3464.7060104211077,6.324452806257538,87.99037339952257,0.06727769639756945,0.0,0.0,0.0,3,0.6333882359231554
MobilePhone_0,5140,baseline,none,0.0,1693.874565511525,6.781288374831611,46.67450290256076,0.037841796875,1.0,0.0,0.0,0,0.8852582812112514
MobilePhone_0,5140,gauss_blur,sigma,1.0,132.82352264113948,6.836556017121756,46.704598320855034,0.024366590711805556,1.0,0.0,0.0,0,0.5945574773624299
MobilePhone_0,5140,gauss_blur,sigma,2.0,11.055906124755074,6.775868746504964,46.70655992296007,0.017040676540798612,1.0,0.0,0.0,0,0.3026539424923539
MobilePhone_0,5140,gauss_blur,sigma,4.0,2.3263905349814187,6.681060243875296,46.70820448133681,0.008299085828993056,1.0,0.0,0.0,0,0.1453516827585154
MobilePhone_0,5140,gauss_blur,sigma,8.0,1.653761114775675,6.56940758496694,46.710367838541664,0.0020124647352430555,1.0,0.0,0.0,0,0.1167963097248388
MobilePhone_0,5140,motion_blur,kernel_px,9.0,269.2207317352179,6.810926180714785,46.70976087782118,0.019749959309895832,1.0,0.0,0.0,0,0.6823507666860459
MobilePhone_0,5140,motion_blur,kernel_px,21.0,116.4955366860908,6.727620830904769,46.71214124891493,0.009158664279513888,1.0,0.0,0.0,0,0.579963027042107
MobilePhone_0,5140,motion_blur,kernel_px,41.0,61.261326966416306,6.6378822606303025,46.71053229437934,0.002655029296875,1.0,0.0,0.0,0,0.49923419902284083
MobilePhone_0,5140,noise,sigma,10.0,2507.2137276108983,6.930719430395738,46.651009453667534,0.051812065972222224,1.0,0.0,0.0,0,0.8959345237903849
MobilePhone_0,5140,noise,sigma,25.0,6148.605817757227,7.0174346421140985,48.612428453233505,0.07902018229166667,1.0,0.0,0.0,0,0.8843385249384921
MobilePhone_0,5140,noise,sigma,50.0,16353.490608922904,7.150256569186722,54.23155551486545,0.0925750732421875,1.0,0.0,0.0,0,0.903691499355773
MobilePhone_0,5140,dark,gamma,2.0,1106.1568697588757,5.024228769099226,15.086790296766493,0.5499454074435763,0.0,0.0,0.0,1,0.21370126521792443
MobilePhone_0,5140,dark,gamma,3.0,774.9882952458695,3.3502897802490876,6.732801649305555,0.7744242350260416,0.0,0.0,0.0,1,0.06146585624960931
MobilePhone_0,5140,dark,gamma,4.5,529.448200336482,1.9017786796940548,2.853340996636285,0.9050530327690972,0.0,0.0,0.0,1,0.013183365018167529
MobilePhone_0,5140,overexpose,gamma,0.5,1942.5188831438588,7.378089520171384,97.35302225748698,0.0012800428602430555,0.0,0.0,0.0,1,0.6561439645643139
MobilePhone_0,5140,overexpose,gamma,0.3,1997.9994590253445,7.327231419432401,137.79499986436633,0.001400417751736111,1.0,0.0,0.0,0,0.34256587297114693
MobilePhone_0,5140,overexpose,gamma,0.15,2348.021363675548,6.887504554515725,182.55975511338977,0.002438015407986111,1.0,0.0,0.0,0,0.0
MobilePhone_0,5140,jpeg,quality,30.0,1660.847118033921,6.887838804406338,46.812411838107636,0.03338962131076389,1.0,0.0,0.0,0,0.8929126958749866
MobilePhone_0,5140,jpeg,quality,10.0,1418.3820060185233,6.6172864180155315,47.096435546875,0.017605251736111112,1.0,0.0,0.0,0,0.8639781446159873
MobilePhone_0,5140,jpeg,quality,3.0,1166.3656778848833,4.208937376253323,47.077534993489586,0.1780768500434028,1.0,0.0,0.0,0,0.4473176447312223
MobilePhone_0,5254,baseline,none,0.0,3711.7722679210547,6.977544308392017,54.53669230143229,0.019609239366319444,1.0,0.0,0.0,0,0.9740199941264973
MobilePhone_0,5254,gauss_blur,sigma,1.0,222.04595292511078,7.010115622939525,54.56444634331597,0.008431328667534722,1.0,0.0,0.0,0,0.7011785550864412
MobilePhone_0,5254,gauss_blur,sigma,2.0,15.052379532173896,6.919343150533102,54.5666012234158,0.005281236436631944,1.0,0.0,0.0,0,0.36108476678435303
MobilePhone_0,5254,gauss_blur,sigma,4.0,2.454506709340982,6.796561794439741,54.56693013509115,0.002902560763888889,1.0,0.0,0.0,0,0.1611181985475376
MobilePhone_0,5254,gauss_blur,sigma,8.0,1.7419687843404397,6.660322353392996,54.568871392144096,0.0013563368055555555,1.0,0.0,0.0,0,0.12866463368654935
MobilePhone_0,5254,motion_blur,kernel_px,9.0,411.08755386799845,6.973872128757833,54.56749979654948,0.006281534830729167,1.0,0.0,0.0,0,0.782451956107108
MobilePhone_0,5254,motion_blur,kernel_px,21.0,176.36312507649163,6.86745987331763,54.570227728949654,0.0032806396484375,1.0,0.0,0.0,0,0.6749179994785427
MobilePhone_0,5254,motion_blur,kernel_px,41.0,91.85756267439051,6.764108138672868,54.57279968261719,0.0012190077039930555,1.0,0.0,0.0,0,0.5870423949864256
MobilePhone_0,5254,noise,sigma,10.0,4519.22206777849,7.131504514812432,54.41813659667969,0.03596327039930555,1.0,0.0,0.0,0,0.9586651413832622
MobilePhone_0,5254,noise,sigma,25.0,8216.201601710722,7.215319495848519,56.1290283203125,0.06369188096788195,1.0,0.0,0.0,0,0.9185760197765095
MobilePhone_0,5254,noise,sigma,50.0,18674.996981381955,7.322562193642328,61.19575839572482,0.0813479953342014,1.0,0.0,0.0,0,0.8648905188870063
MobilePhone_0,5254,dark,gamma,2.0,2868.109370010687,5.413437758229265,20.456297132703995,0.4909990098741319,1.0,0.0,0.0,0,0.2991334202872472
MobilePhone_0,5254,dark,gamma,3.0,2228.126486795874,3.8422831456209994,10.416029188368055,0.7219899495442709,1.0,0.0,0.0,0,0.10367591084604273
MobilePhone_0,5254,dark,gamma,4.5,1669.4341853635565,2.3775358145861887,5.148957994249132,0.8583034939236112,1.0,0.0,0.0,0,0.029959419460815328
MobilePhone_0,5254,overexpose,gamma,0.5,3675.250710143947,7.480333444724819,105.5579104953342,0.0017242431640625,1.0,0.0,0.0,0,0.5938727920244371
MobilePhone_0,5254,overexpose,gamma,0.3,3367.705046692335,7.389173174750612,144.8319380018446,0.0024566650390625,1.0,0.0,0.0,0,0.2873625098800404
MobilePhone_0,5254,overexpose,gamma,0.15,3376.0860386788386,6.90755194098768,187.40711127387152,0.0053253173828125,1.0,0.0,0.0,0,0.0
MobilePhone_0,5254,jpeg,quality,30.0,3482.974601992484,7.091939430703683,54.684536404079864,0.019697401258680556,1.0,0.0,0.0,0,0.9728001242048192
MobilePhone_0,5254,jpeg,quality,10.0,2690.7965588330235,6.900368865867238,54.95054456922743,0.013283623589409722,1.0,0.0,0.0,0,0.9771142328898148
MobilePhone_0,5254,jpeg,quality,3.0,2295.8981788917717,4.979745583578043,55.163004557291664,0.12922837999131945,1.0,0.0,0.0,0,0.6286855625286609
MobilePhone_0,5284,baseline,none,0.0,5063.651640196913,7.5352546683661465,87.4662373860677,0.009528266059027778,1.0,0.0,0.0,0,0.7292246498282673
MobilePhone_0,5284,gauss_blur,sigma,1.0,353.7663121561829,7.432190068272791,87.5135481092665,8.646647135416667e-05,1.0,0.0,0.0,0,0.5687938817686019
MobilePhone_0,5284,gauss_blur,sigma,2.0,21.899293625232904,7.286395567194813,87.5188971625434,0.0,1.0,0.0,0.0,0,0.30333290936420865
MobilePhone_0,5284,gauss_blur,sigma,4.0,2.699549093195755,7.1495717264580465,87.52672322591145,0.0,1.0,0.0,0.0,0,0.12672533327753296
MobilePhone_0,5284,gauss_blur,sigma,8.0,1.8799218032480336,7.042760786145295,87.53251139322917,0.0,1.0,0.0,0.0,0,0.10245836023616652
MobilePhone_0,5284,motion_blur,kernel_px,9.0,827.70060702006,7.41015607272752,87.51031663682726,5.255805121527778e-05,1.0,0.0,0.0,0,0.6510264671552847
MobilePhone_0,5284,motion_blur,kernel_px,21.0,447.8643188836674,7.2942577590780555,87.51548258463542,0.0,1.0,0.0,0.0,0,0.5916236820593344
MobilePhone_0,5284,motion_blur,kernel_px,41.0,283.53659789696223,7.209103560886549,87.5157979329427,0.0,1.0,0.0,0.0,0,0.547457909040317
MobilePhone_0,5284,noise,sigma,10.0,5902.283512860257,7.658175967330048,87.12161424424913,0.013220893012152778,1.0,0.0,0.0,0,0.7291627639102826
MobilePhone_0,5284,noise,sigma,25.0,10039.420490557844,7.693934053665392,87.81596544053819,0.024024115668402776,1.0,0.0,0.0,0,0.7158856187854303
MobilePhone_0,5284,noise,sigma,50.0,22500.690098960564,7.745862695854713,90.4008060031467,0.036539713541666664,1.0,0.0,0.0,0,0.6872491525589592
MobilePhone_0,5284,dark,gamma,2.0,4471.933736665335,6.737837470592117,41.964051988389755,0.22215779622395834,1.0,0.0,0.0,0,0.6981146379595857
MobilePhone_0,5284,dark,gamma,3.0,3700.9127390417675,5.610520744375687,23.954172770182293,0.4530046251085069,1.0,0.0,0.0,0,0.34546472950485646
MobilePhone_0,5284,dark,gamma,4.5,2871.812117497951,4.166169504992743,12.432991875542534,0.6528388129340278,1.0,0.0,0.0,0,0.143719408493326
MobilePhone_0,5284,overexpose,gamma,0.5,4418.9537215733235,7.596926323668999,139.53715345594617,0.0031840006510416665,1.0,0.0,0.0,0,0.32838678263578924
MobilePhone_0,5284,overexpose,gamma,0.3,3706.4021503908516,7.2879600960152375,173.82155524359808,0.004453870985243056,1.0,0.0,0.0,0,0.06131450852675996
MobilePhone_0,5284,overexpose,gamma,0.15,3301.06485044043,6.625130602986867,207.83740234375,0.010140313042534722,1.0,0.0,0.0,0,0.0
MobilePhone_0,5284,jpeg,quality,30.0,5081.842393872177,7.6483780410688205,87.56320699055989,0.011645846896701388,1.0,0.0,0.0,0,0.7269168502350596
MobilePhone_0,5284,jpeg,quality,10.0,4256.038511672217,7.587519804331523,87.62874009874132,0.011388142903645834,1.0,0.0,0.0,0,0.7266002399894744
MobilePhone_0,5284,jpeg,quality,3.0,3662.91290182551,6.548086410009256,87.71363321940105,0.04086642795138889,0.0,0.0,0.0,2,0.676345735636982
MobilePhone_0,5462,baseline,none,0.0,5107.587240919262,7.59114321987116,95.41028340657552,0.007371690538194444,1.0,0.0,0.0,0,0.6692070550837534
MobilePhone_0,5462,gauss_blur,sigma,1.0,363.31528500374395,7.460710685253176,95.45265706380208,6.612141927083333e-05,1.0,0.0,0.0,0,0.523218740920151
MobilePhone_0,5462,gauss_blur,sigma,2.0,22.630148949159047,7.288763771604726,95.46085611979167,3.3908420138888887e-06,1.0,0.0,0.0,0,0.2805412845882584
MobilePhone_0,5462,gauss_blur,sigma,4.0,2.7231462261852237,7.134931915489103,95.46035936143663,0.0,1.0,0.0,0.0,0,0.11661392642799123
MobilePhone_0,5462,gauss_blur,sigma,8.0,1.901246812582636,7.01880249298117,95.45963202582465,0.0,1.0,0.0,0.0,0,0.09448820569830803
MobilePhone_0,5462,motion_blur,kernel_px,9.0,919.2281577196629,7.4442224404175885,95.45269097222223,6.612141927083333e-05,1.0,0.0,0.0,0,0.6054182152552314
MobilePhone_0,5462,motion_blur,kernel_px,21.0,516.1868550719369,7.314087002605339,95.456298828125,0.0,1.0,0.0,0.0,0,0.5543149262144839
MobilePhone_0,5462,motion_blur,kernel_px,41.0,321.0484722074419,7.211156337297092,95.45445421006944,0.0,1.0,0.0,0.0,0,0.5123023244829294
MobilePhone_0,5462,noise,sigma,10.0,5953.435347020892,7.708967117637217,95.07700432671442,0.0102996826171875,1.0,0.0,0.0,0,0.6698099956108005
MobilePhone_0,5462,noise,sigma,25.0,10167.937156018834,7.74468449371357,95.67115444607205,0.020072089301215276,1.0,0.0,0.0,0,0.6586475929170886
MobilePhone_0,5462,noise,sigma,50.0,22968.70622465328,7.7946743905457705,97.75777180989583,0.032012939453125,1.0,0.0,0.0,0,0.6348418510666913
MobilePhone_0,5462,dark,gamma,2.0,4843.906313581388,6.952352858258386,47.95697360568576,0.17821248372395834,1.0,0.0,0.0,0,0.7848844401188317
MobilePhone_0,5462,dark,gamma,3.0,4184.346063846723,5.973454631913831,27.98104688856337,0.3768836127387153,1.0,0.0,0.0,0,0.4361708604844979
MobilePhone_0,5462,dark,gamma,4.5,3393.1735970193467,4.618058496011862,14.716684977213541,0.5896453857421875,1.0,0.0,0.0,0,0.19326525914350423
MobilePhone_0,5462,overexpose,gamma,0.5,4205.326893737814,7.574974589407362,146.53067186143664,0.003948635525173611,1.0,0.0,0.0,0,0.2737137631196179
MobilePhone_0,5462,overexpose,gamma,0.3,3453.4033929852794,7.242625061359132,179.10278150770398,0.005379570855034722,1.0,0.0,0.0,0,0.02021987441346746
MobilePhone_0,5462,overexpose,gamma,0.15,3085.458856713782,6.56276008867876,210.89611985948352,0.011993408203125,1.0,0.0,0.0,0,0.0
MobilePhone_0,5462,jpeg,quality,30.0,5187.012033022376,7.69421543533721,95.49971516927083,0.008121066623263888,1.0,0.0,0.0,0,0.6680088314805974
MobilePhone_0,5462,jpeg,quality,10.0,4399.755089933491,7.609298493531293,95.57328796386719,0.008283827039930556,1.0,0.0,0.0,0,0.66732918987143
MobilePhone_0,5462,jpeg,quality,3.0,3943.2517711843984,6.79373573311024,95.78049723307292,0.03645663791232639,0.0,0.0,0.0,2,0.6444425457381666
MobilePhone_0,5738,baseline,none,0.0,2668.5639056833775,6.745190185252602,45.064609103732636,0.04150221082899305,1.0,0.0,0.0,0,0.8841595220214321
MobilePhone_0,5738,gauss_blur,sigma,1.0,182.25239561185137,6.774210598465593,45.09846327039931,0.021455552842881944,1.0,0.0,0.0,0,0.6221036425828729
MobilePhone_0,5738,gauss_blur,sigma,2.0,12.369801781309867,6.713214310060415,45.10452779134115,0.016040378146701388,0.0,0.0,0.0,1,0.3084933770039118
MobilePhone_0,5738,gauss_blur,sigma,4.0,2.292961922681166,6.628614284923835,45.11190287272135,0.009212917751736112,0.0,0.0,0.0,1,0.14098226793841911
MobilePhone_0,5738,gauss_blur,sigma,8.0,1.6566280788126868,6.523654027826259,45.11462910970052,0.0035298665364583335,1.0,0.0,0.0,0,0.11440577025155599
MobilePhone_0,5738,motion_blur,kernel_px,9.0,299.70700841782195,6.752486583941052,45.098570081922745,0.018864949544270832,0.0,0.0,0.0,1,0.6808458246750902
MobilePhone_0,5738,motion_blur,kernel_px,21.0,126.68400160398018,6.674271291001117,45.103183322482636,0.011189778645833334,1.0,0.0,0.0,0,0.576434402410387
MobilePhone_0,5738,motion_blur,kernel_px,41.0,65.6969903302523,6.595640787917005,45.10297987196181,0.005499945746527778,1.0,0.0,0.0,0,0.4962011568892777
MobilePhone_0,5738,noise,sigma,10.0,3466.5157256769335,6.884031442519987,45.01968553331163,0.055582682291666664,1.0,0.0,0.0,0,0.88033536874853
MobilePhone_0,5738,noise,sigma,25.0,6967.088868189943,6.976902930086341,47.056555853949654,0.08135816786024305,0.0,0.0,0.0,1,0.8709272309757288
MobilePhone_0,5738,noise,sigma,50.0,16788.07461881747,7.123312857280996,52.83171081542969,0.0944790310329861,1.0,0.0,0.0,0,0.8993435259541046
MobilePhone_0,5738,dark,gamma,2.0,1888.9434794387573,4.883546799325016,14.445487128363716,0.5813581678602431,0.0,0.0,0.0,1,0.20646770359473396
MobilePhone_0,5738,dark,gamma,3.0,1444.6223656147413,3.1327385622704664,6.618825276692708,0.8047553168402778,0.0,0.0,0.0,1,0.054321245042192545
MobilePhone_0,5738,dark,gamma,4.5,1089.8697935507896,1.7048187734268074,2.9967142740885415,0.9128316243489584,1.0,0.0,0.0,0,0.012119213261790192
MobilePhone_0,5738,overexpose,gamma,0.5,3059.0308274134827,7.370792014723607,95.69298807779948,0.003643459743923611,1.0,0.0,0.0,0,0.6695199588940329
MobilePhone_0,5738,overexpose,gamma,0.3,3189.215893934856,7.330639745811078,136.63827514648438,0.0036790635850694445,1.0,0.0,0.0,0,0.35078785647725275
MobilePhone_0,5738,overexpose,gamma,0.15,3697.7781269168804,6.895071297259769,182.21154276529947,0.005123562282986111,1.0,0.0,0.0,0,0.0
MobilePhone_0,5738,jpeg,quality,30.0,2637.7698483874556,6.847036153940772,45.21807352701823,0.041146172417534724,1.0,0.0,0.0,0,0.895278445486052
MobilePhone_0,5738,jpeg,quality,10.0,2181.177644384945,6.579734353296183,45.52203030056424,0.029112074110243056,1.0,0.0,0.0,0,0.8769683827874832
MobilePhone_0,5738,jpeg,quality,3.0,1886.4888845207486,4.397536952611768,45.443627251519096,0.1836208767361111,1.0,0.0,0.0,0,0.48911737340276945
MobilePhone_0,6343,baseline,none,0.0,3403.021963522851,6.98916685908742,54.09582858615451,0.027438693576388888,1.0,0.0,0.0,1,0.9695911593223208
MobilePhone_0,6343,gauss_blur,sigma,1.0,222.98684288170412,7.020325806703597,54.132229275173614,0.012101915147569444,0.6666666666666666,0.0,0.0,2,0.7015034597530667
MobilePhone_0,6343,gauss_blur,sigma,2.0,15.013370090014774,6.959666049202568,54.13554551866319,0.008078681098090278,0.0,0.0,0.0,1,0.36097340717557586
MobilePhone_0,6343,gauss_blur,sigma,4.0,2.465518525307193,6.873523206817307,54.13819376627604,0.003628200954861111,0.0,0.0,0.0,1,0.16248644198417878
MobilePhone_0,6343,gauss_blur,sigma,8.0,1.7493099561737222,6.76731767547375,54.13762071397569,0.0010392930772569445,0.0,0.0,0.0,0,0.13156449320338473
MobilePhone_0,6343,motion_blur,kernel_px,9.0,435.3883245942283,7.002115108503988,54.130957709418404,0.010659111870659722,0.0,0.0,0.0,1,0.789118152660861
MobilePhone_0,6343,motion_blur,kernel_px,21.0,199.9143730085572,6.925414344376791,54.13605753580729,0.005906846788194444,0.0,0.0,0.0,0,0.691701561288895
MobilePhone_0,6343,motion_blur,kernel_px,41.0,112.7159815899637,6.850885041503814,54.135988023546005,0.002724541558159722,0.0,0.0,0.0,0,0.6194359872202454
MobilePhone_0,6343,noise,sigma,10.0,4213.911566710694,7.127371470291376,53.975504557291664,0.0401153564453125,0.0,0.0,0.0,2,0.9578555320410184
MobilePhone_0,6343,noise,sigma,25.0,7875.158433312889,7.203933923994345,55.633585611979164,0.0646548800998264,0.0,0.0,0.0,1,0.9212516482222086
MobilePhone_0,6343,noise,sigma,50.0,18272.971936695678,7.315858541664008,60.73513624403212,0.0808258056640625,0.0,0.0,0.0,0,0.8686898988598841
MobilePhone_0,6343,dark,gamma,2.0,2655.8023555991394,5.384749142485701,20.224566989474827,0.4991200764973958,0.0,0.0,0.0,0,0.29208470929464503
MobilePhone_0,6343,dark,gamma,3.0,2114.8310814669308,3.7466687804413,10.360704210069445,0.7386491563585069,0.0,0.0,0.0,0,0.09497591230673891
MobilePhone_0,6343,dark,gamma,4.5,1626.8023427068051,2.2634053720631306,5.167137993706597,0.8640374077690972,0.0,0.0,0.0,0,0.02727801084221199
MobilePhone_0,6343,overexpose,gamma,0.5,3475.723333939679,7.4930180340545105,105.34617445203993,0.003409491644965278,0.0,0.0,0.0,1,0.5945187880592534
MobilePhone_0,6343,overexpose,gamma,0.3,3299.899310935057,7.392445756824573,144.97826131184897,0.0034891764322916665,0.0,0.0,0.0,1,0.28592591191018407
MobilePhone_0,6343,overexpose,gamma,0.15,3452.6989066466253,6.905255209876055,188.03375074598523,0.0062408447265625,0.0,0.0,0.0,2,0.0
MobilePhone_0,6343,jpeg,quality,30.0,3306.680692217689,7.103147386558799,54.25242784288194,0.0295257568359375,1.0,0.0,0.0,1,0.9663231608891591
MobilePhone_0,6343,jpeg,quality,10.0,2710.270314531561,6.91137226519748,54.452972412109375,0.022622002495659724,0.0,0.0,0.0,0,0.9716660739590741
MobilePhone_0,6343,jpeg,quality,3.0,2341.405626204046,4.978163221050494,54.80708312988281,0.1283348931206597,0.0,0.0,0.0,0,0.6309002130575327
MobilePhone_0,6357,baseline,none,0.0,3864.1694583332524,7.29155977487582,67.85434129503038,0.017812093098958332,1.0,0.0,0.0,2,0.873614573210674
MobilePhone_0,6357,gauss_blur,sigma,1.0,264.8595530063023,7.303928456541435,67.89644029405382,0.005771213107638889,0.6666666666666666,0.0,0.0,1,0.6497726052423879
MobilePhone_0,6357,gauss_blur,sigma,2.0,17.668112843742954,7.238767563652572,67.89987013075087,0.003487481011284722,0.0,0.0,0.0,2,0.34140913108478815
MobilePhone_0,6357,gauss_blur,sigma,4.0,2.5805494327121123,7.136911255492029,67.9005143907335,0.0009324815538194445,0.0,0.0,0.0,2,0.14916784096676877
MobilePhone_0,6357,gauss_blur,sigma,8.0,1.829225328207636,7.026447949893939,67.90231831868489,0.0,0.0,0.0,0.0,1,0.1217368463388202
MobilePhone_0,6357,motion_blur,kernel_px,9.0,612.0648194385441,7.287676455649167,67.89618089463976,0.005532158745659722,0.0,0.0,0.0,3,0.747193708300728
MobilePhone_0,6357,motion_blur,kernel_px,21.0,324.21891549933,7.209139901924859,67.90117051866319,0.0032196044921875,0.0,0.0,0.0,0,0.6749274076027881
MobilePhone_0,6357,motion_blur,kernel_px,41.0,207.00888679293564,7.143413967517973,67.90236409505208,0.0016072591145833333,0.0,0.0,0.0,0,0.6237824951108382
MobilePhone_0,6357,noise,sigma,10.0,4692.692614063386,7.420418892444736,67.64249844021268,0.027197943793402776,0.6666666666666666,0.0,0.0,1,0.8668762653630246
MobilePhone_0,6357,noise,sigma,25.0,8537.791875395771,7.4765328562417075,68.93441433376736,0.045903523763020836,0.0,0.0,0.0,2,0.8405777011324702
MobilePhone_0,6357,noise,sigma,50.0,19658.539349970877,7.550455505670825,72.91813320583768,0.0625762939453125,0.0,0.0,0.0,0,0.796713409747301
MobilePhone_0,6357,dark,gamma,2.0,3286.991092026499,6.015587516791956,29.632826063368057,0.3865254720052083,0.0,0.0,0.0,1,0.4394347468690301
MobilePhone_0,6357,dark,gamma,3.0,2757.2005519245026,4.566437996623278,16.653025309244793,0.6362762451171875,0.0,0.0,0.0,1,0.17307347645235058
MobilePhone_0,6357,dark,gamma,4.5,2209.1480433609745,3.0629959153219177,8.871849907769096,0.7864329020182291,0.0,0.0,0.0,1,0.06233314827221822
MobilePhone_0,6357,overexpose,gamma,0.5,3653.691872113141,7.615088321992283,119.33589680989583,0.003136528862847222,0.6666666666666666,0.0,0.0,1,0.4857297248309346
MobilePhone_0,6357,overexpose,gamma,0.3,3270.4996397012264,7.431571459556412,156.78052775065103,0.003762139214409722,0.6666666666666666,0.0,0.0,1,0.1939892737742794
MobilePhone_0,6357,overexpose,gamma,0.15,3178.3418579045924,6.873172268010764,196.1258544921875,0.008641560872395834,0.6666666666666666,0.0,0.0,1,0.0
MobilePhone_0,6357,jpeg,quality,30.0,3817.8103563627237,7.408017530449805,67.97657606336806,0.0204620361328125,0.6666666666666666,0.0,0.0,1,0.8703221423184004
MobilePhone_0,6357,jpeg,quality,10.0,3154.1450267537134,7.287898232245248,68.1497073703342,0.017605251736111112,0.0,0.0,0.0,3,0.8715316273392765
MobilePhone_0,6357,jpeg,quality,3.0,2804.109787582235,5.675858840886922,68.23139784071181,0.08306884765625,0.0,0.0,0.0,2,0.6766288521149088
Person1_0,100,baseline,none,0.0,1522.1324804069245,6.98565254513093,59.65765380859375,0.007659912109375,1.0,0.0,0.0,0,0.9129361723100285
Person1_0,100,gauss_blur,sigma,1.0,102.13933799723674,6.948523049682765,59.68002488878038,0.0002797444661458333,0.0,0.0,0.0,1,0.5817189698489929
Person1_0,100,gauss_blur,sigma,2.0,7.930979329678749,6.879300235151748,59.683225843641495,9.324815538194444e-05,1.0,0.0,0.0,0,0.27477799993450247
Person1_0,100,gauss_blur,sigma,4.0,2.0816870577788604,6.800634046054463,59.68617587619357,0.0,1.0,0.0,0.0,0,0.14087877346313318
Person1_0,100,gauss_blur,sigma,8.0,1.6887630873825392,6.702697292175036,59.69152492947049,0.0,1.0,0.0,0.0,0,0.12201746622467041
Person1_0,100,motion_blur,kernel_px,9.0,172.87317887941995,6.925133519462782,59.68288336859809,0.00021870930989583334,1.0,0.0,0.0,0,0.6472728099548132
Person1_0,100,motion_blur,kernel_px,21.0,73.34402778339975,6.849827913676282,59.689168294270836,2.3735894097222223e-05,1.0,0.0,0.0,0,0.5407387264997966
Person1_0,100,motion_blur,kernel_px,41.0,38.27268274146548,6.778740435495395,59.689856635199654,0.0,1.0,0.0,0.0,0,0.45795630504817414
Person1_0,100,noise,sigma,10.0,2374.9464554381016,7.125963902912879,59.35100809733073,0.018980238172743056,1.0,0.0,0.0,0,0.9377469475168906
Person1_0,100,noise,sigma,25.0,6379.459128350433,7.195218208329668,60.423546685112846,0.03887939453125,1.0,0.0,0.0,0,0.9106721144125914
Person1_0,100,noise,sigma,50.0,18016.20526981592,7.3164679350273305,64.62310791015625,0.053883870442708336,1.0,0.0,0.0,0,0.8654140197709408
Person1_0,100,dark,gamma,2.0,702.2655259237893,5.632900795134904,19.469736735026043,0.3527713351779514,1.0,0.0,0.0,0,0.33805237316906656
Person1_0,100,dark,gamma,3.0,356.7718064827317,4.106578222711003,7.813534206814236,0.6605343288845487,1.0,0.0,0.0,0,0.10152363419125911
Person1_0,100,dark,gamma,4.5,168.69640053200456,2.2594809463218715,2.5692325168185763,0.8919898139105903,1.0,0.0,0.0,0,0.014527397104764042
Person1_0,100,overexpose,gamma,0.5,1981.645788481103,7.2698239538351315,115.45156521267361,0.0008070203993055555,1.0,0.0,0.0,0,0.5169630139879733
Person1_0,100,overexpose,gamma,0.3,1977.4482451456108,7.078530947442445,155.38567945692273,0.0010392930772569445,1.0,0.0,0.0,0,0.20525926548912676
Person1_0,100,overexpose,gamma,0.15,1987.3174775209575,6.4867172520233405,196.62438456217447,0.0013037787543402778,1.0,0.0,0.0,0,0.0
Person1_0,100,jpeg,quality,30.0,1439.1354712733055,7.0816913662074255,59.71550835503472,0.011030409071180556,1.0,0.0,0.0,0,0.9024510269551879
Person1_0,100,jpeg,quality,10.0,1140.2926288088781,6.930466197116372,59.81126234266493,0.011774698893229166,1.0,0.0,0.0,0,0.8722478190025891
Person1_0,100,jpeg,quality,3.0,595.226195059613,3.963823068627175,59.770284016927086,0.052068074544270836,0.0,0.0,0.0,1,0.4416664457375561
Person1_0,153,baseline,none,0.0,2740.127668034558,7.514178383273479,97.52134026421442,0.004582722981770833,1.0,0.0,0.0,0,0.654670261986919
Person1_0,153,gauss_blur,sigma,1.0,149.61092350272068,7.481767283533582,97.55239868164062,2.3735894097222223e-05,1.0,0.0,0.0,0,0.43404730345882425
Person1_0,153,gauss_blur,sigma,2.0,10.923331028468514,7.432786021074281,97.5594974093967,0.0,1.0,0.0,0.0,0,0.21451328858554766
Person1_0,153,gauss_blur,sigma,4.0,2.311009666155219,7.384831789011704,97.56852552625868,0.0,1.0,0.0,0.0,0,0.10361083902044474
Person1_0,153,gauss_blur,sigma,8.0,1.7620001843222122,7.3140113695308155,97.57566833496094,0.0,0.0,0.0,0.0,5,0.08791375797542188
Person1_0,153,motion_blur,kernel_px,9.0,260.0240494495022,7.467486688834837,97.5552486843533,1.1867947048611111e-05,1.0,0.0,0.0,0,0.4816343968423723
Person1_0,153,motion_blur,kernel_px,21.0,105.90747087858159,7.412848730603897,97.5631815592448,0.0,1.0,0.0,0.0,0,0.4043395613181944
Person1_0,153,motion_blur,kernel_px,41.0,54.26923766566361,7.3641553709432195,97.56972927517361,0.0,1.0,0.0,0.0,0,0.3472140856547098
Person1_0,153,noise,sigma,10.0,3604.8541919470354,7.661266806070193,97.1432122124566,0.009111192491319444,1.0,0.0,0.0,0,0.6546191687279874
Person1_0,153,noise,sigma,25.0,7915.265228586452,7.7423969932405425,97.6075422498915,0.018693712022569444,1.0,0.0,0.0,0,0.6447288231130288
Person1_0,153,noise,sigma,50.0,20931.928263677764,7.80836791618398,99.4092780219184,0.028120252821180556,1.0,0.0,0.0,0,0.624855245728404
Person1_0,153,dark,gamma,2.0,2756.5742729052317,6.8371530486643675,49.146748860677086,0.16636149088541666,1.0,0.0,0.0,0,0.8039520232126017
Person1_0,153,dark,gamma,3.0,2492.9918870993483,5.8867232446911935,28.789574517144096,0.3589291042751736,1.0,0.0,0.0,0,0.44571918872707433
Person1_0,153,dark,gamma,4.5,2088.814778293713,4.422486708532351,15.155415852864584,0.6222601996527778,1.0,0.0,0.0,0,0.17121021202046868
Person1_0,153,overexpose,gamma,0.5,2201.865575025065,7.414150412367633,149.23394097222223,0.002002292209201389,0.0,1.0,0.18744955956935883,1,0.25317161307376174
Person1_0,153,overexpose,gamma,0.3,1762.4104343799409,7.0629596820602085,181.7654096815321,0.0035400390625,0.0,1.0,0.3911946713924408,1,0.0
Person1_0,153,overexpose,gamma,0.15,1487.4911377570577,6.357560865172722,213.17365519205728,0.010730319552951388,0.0,1.0,0.32438284158706665,3,0.0
Person1_0,153,jpeg,quality,30.0,2566.556188773042,7.5558454190411934,97.55235120985243,0.006473117404513889,1.0,0.0,0.0,0,0.6531862746038921
Person1_0,153,jpeg,quality,10.0,1915.9970784277346,7.293225910129011,97.5973629421658,0.007197062174479167,1.0,0.0,0.0,0,0.6491870670245794
Person1_0,153,jpeg,quality,3.0,1310.6101666311988,5.22662307462826,97.08394198947482,0.026216295030381944,0.0,0.0,0.0,1,0.46640075449578544
Person1_0,2476,baseline,none,0.0,1972.9518005996915,7.406199189061199,85.45255025227864,0.006154378255208333,1.0,0.0,0.0,0,0.7465881891793567
Person1_0,2476,gauss_blur,sigma,1.0,127.46445881676239,7.4119775851625125,85.47843254937067,0.0008985731336805555,1.0,0.0,0.0,0,0.4801612222289742
Person1_0,2476,gauss_blur,sigma,2.0,10.014335943592918,7.374985299940413,85.48574829101562,0.0005611843532986111,1.0,0.0,0.0,0,0.2373117017978822
Person1_0,2476,gauss_blur,sigma,4.0,2.23273887937992,7.333393192126181,85.4927469889323,0.00011020236545138889,1.0,0.0,0.0,0,0.11610141892420978
Person1_0,2476,gauss_blur,sigma,8.0,1.7231292721131286,7.270689747511724,85.49559360080295,0.0,1.0,0.0,0.0,0,0.09913466758184364
Person1_0,2476,motion_blur,kernel_px,9.0,201.8569017722168,7.402805434557647,85.4823727077908,0.0007578531901041666,1.0,0.0,0.0,0,0.5253901126433702
Person1_0,2476,motion_blur,kernel_px,21.0,81.84862397923882,7.36493558593261,85.49230278862848,0.0003509521484375,0.0,0.0,0.0,1,0.43696209515550605
Person1_0,2476,motion_blur,kernel_px,41.0,41.82568352634694,7.321367833550676,85.49135165744357,4.0690104166666664e-05,1.0,0.0,0.0,0,0.3718014594161623
Person1_0,2476,noise,sigma,10.0,2838.1718421175406,7.566017954039083,85.1353742811415,0.015402899848090278,1.0,0.0,0.0,0,0.7428288942210202
Person1_0,2476,noise,sigma,25.0,7067.67216275462,7.647744905390766,85.83683098687067,0.028496636284722224,0.0,0.0,0.0,1,0.7276263646986249
Person1_0,2476,noise,sigma,50.0,19613.82718704029,7.723120152682691,88.45998806423611,0.038979424370659724,1.0,0.0,0.0,0,0.7000804832450628
Person1_0,2476,dark,gamma,2.0,1795.1210466181067,6.497101026854786,40.00875345865885,0.22433302137586805,1.0,0.0,0.0,0,0.6511283782482938
Person1_0,2476,dark,gamma,3.0,1522.802809569835,5.357306558419349,22.229761759440105,0.5161251491970487,1.0,0.0,0.0,0,0.27662672286214857
Person1_0,2476,dark,gamma,4.5,1197.0434338751188,3.726060233203033,10.936960856119791,0.6812082926432291,1.0,0.0,0.0,0,0.10825391816886196
Person1_0,2476,overexpose,gamma,0.5,1739.1018862822923,7.444240256930174,137.89518059624567,0.0016954210069444445,1.0,0.0,0.0,0,0.3356655483476038
Person1_0,2476,overexpose,gamma,0.3,1494.7404608254512,7.163538032564531,172.57701619466147,0.0026346842447916665,0.0,1.0,0.27402958273887634,1,0.0684542674816736
Person1_0,2476,overexpose,gamma,0.15,1387.7754820846021,6.518103901643807,207.07642449273004,0.006018744574652778,0.0,1.0,0.4869953989982605,2,0.0
Person1_0,2476,jpeg,quality,30.0,1869.2957498916412,7.4676950390272445,85.49465772840712,0.008370293511284722,1.0,0.0,0.0,0,0.7393044076619
Person1_0,2476,jpeg,quality,10.0,1473.4038999211277,7.202228068731103,85.63116285536024,0.008982340494791666,0.0,0.0,0.0,3,0.7145075546002673
Person1_0,2476,jpeg,quality,3.0,988.8372192233801,4.864608927808884,85.68962775336371,0.05482652452256945,1.0,0.0,0.0,0,0.459332353410791
Person1_0,2478,baseline,none,0.0,2178.572738365854,7.400564460864052,84.70965745713976,0.006742689344618056,1.0,0.0,0.0,0,0.7526660737142119
Person1_0,2478,gauss_blur,sigma,1.0,127.78155343592123,7.407663924496436,84.73680284288194,0.0009273952907986111,0.0,0.0,0.0,1,0.4840935853206458
Person1_0,2478,gauss_blur,sigma,2.0,9.906676407903433,7.372809056086881,84.74283515082465,0.0005781385633680555,1.0,0.0,0.0,0,0.23816087585868229
Person1_0,2478,gauss_blur,sigma,4.0,2.2304669705271305,7.332025893338534,84.74345228407118,0.00011698404947916667,1.0,0.0,0.0,0,0.11693471005273497
Person1_0,2478,gauss_blur,sigma,8.0,1.7220560672382514,7.267335559841669,84.7423078748915,0.0,1.0,0.0,0.0,0,0.09987154437937568
Person1_0,2478,motion_blur,kernel_px,9.0,216.72494159247955,7.400003726882083,84.73855590820312,0.0007815890842013889,1.0,0.0,0.0,0,0.536487948833285
Person1_0,2478,motion_blur,kernel_px,21.0,88.17734084001245,7.36198056370446,84.74664815266927,0.00035264756944444444,1.0,0.0,0.0,0,0.44768646036672893
Person1_0,2478,motion_blur,kernel_px,41.0,44.99954384571965,7.317601858430024,84.74554782443576,4.238552517361111e-05,1.0,0.0,0.0,0,0.3818125899204324
Person1_0,2478,noise,sigma,10.0,3038.9002903809314,7.561212186167977,84.40134684244792,0.016055636935763888,1.0,0.0,0.0,0,0.747978953862418
Person1_0,2478,noise,sigma,25.0,7246.51408046709,7.643173711429149,85.12416585286458,0.029817369249131944,0.0,1.0,0.1354985237121582,2,0.7320388583242967
Person1_0,2478,noise,sigma,50.0,19767.313582900773,7.717227624584568,87.82644653320312,0.04005262586805555,1.0,0.0,0.0,0,0.7040499826545761
Person1_0,2478,dark,gamma,2.0,1958.65689799216,6.474790473616342,39.503692626953125,0.23029073079427084,1.0,0.0,0.0,0,0.6485181851265047
Person1_0,2478,dark,gamma,3.0,1645.3847277141926,5.327378314331876,21.89049614800347,0.5206841362847222,0.0,0.0,0.0,1,0.2743984429305131
Person1_0,2478,dark,gamma,4.5,1278.090522577776,3.6969502150041773,10.738972981770834,0.6852654351128472,0.0,0.0,0.0,1,0.10677189210677515
Person1_0,2478,overexpose,gamma,0.5,1934.5287432663233,7.45079220986806,137.11677890353732,0.001736111111111111,0.0,1.0,0.22213663160800934,1,0.3464886062121028
Person1_0,2478,overexpose,gamma,0.3,1666.2557879524466,7.1773642619462565,171.88651529947916,0.002692328559027778,0.0,1.0,0.41919347643852234,1,0.07472175432504742
Person1_0,2478,overexpose,gamma,0.15,1539.6156316693202,6.536037720484014,206.5493418375651,0.006130642361111111,0.0,1.0,0.5170394778251648,2,0.0
Person1_0,2478,jpeg,quality,30.0,2094.6985181150585,7.465340110681448,84.78205871582031,0.009097629123263888,0.0,1.0,0.10998636484146118,1,0.7503210691046
Person1_0,2478,jpeg,quality,10.0,1567.0733664341985,7.189471644669137,84.85027737087674,0.009226481119791666,0.0,1.0,0.20614197850227356,3,0.7262171079942779
Person1_0,2478,jpeg,quality,3.0,1068.3735786810673,4.873237487402315,84.98465304904514,0.05743069118923611,0.0,0.0,0.0,1,0.46742807095164884
Person1_0,2659,baseline,none,0.0,1990.0004142360926,7.415533231546399,90.48112657335069,0.004113091362847222,1.0,0.0,0.0,1,0.7097545738727121
Person1_0,2659,gauss_blur,sigma,1.0,126.44067370614471,7.405372453451983,90.5069342719184,0.00018141004774305556,0.0,0.0,0.0,0,0.4546457007990911
Person1_0,2659,gauss_blur,sigma,2.0,9.81061110066043,7.353614012504034,90.51377868652344,6.781684027777777e-06,0.0,0.0,0.0,0,0.22328436972443416
Person1_0,2659,gauss_blur,sigma,4.0,2.1865183473018535,7.30712515683376,90.51948886447482,0.0,0.0,0.0,0.0,0,0.10869699546837112
Person1_0,2659,gauss_blur,sigma,8.0,1.6960160969555336,7.257400465914495,90.52530076768663,0.0,0.0,0.0,0.0,3,0.09301356624572628
Person1_0,2659,motion_blur,kernel_px,9.0,212.56839734636662,7.397034419851373,90.509763929579,0.00012037489149305556,0.0,0.0,0.0,0,0.5030835100322665
Person1_0,2659,motion_blur,kernel_px,21.0,83.4985562360121,7.355551028883532,90.51843939887152,0.0,0.0,0.0,0.0,0,0.41613015024567934
Person1_0,2659,motion_blur,kernel_px,41.0,42.484966254885094,7.324087272722372,90.52183193630643,0.0,0.0,0.0,0.0,0,0.35380916966257236
Person1_0,2659,noise,sigma,10.0,2863.494547489475,7.565771554128999,90.11599561903212,0.011344061957465278,0.0,0.0,0.0,0,0.7074213886428171
Person1_0,2659,noise,sigma,25.0,7177.081678003613,7.653081736567365,90.6896464029948,0.021555582682291668,0.0,1.0,0.24663521349430084,2,0.6957296101602508
Person1_0,2659,noise,sigma,50.0,20186.7179035176,7.742892581608991,92.99405246310764,0.031177096896701388,0.0,0.0,0.0,0,0.6714462808267181
Person1_0,2659,dark,gamma,2.0,1740.3867982705954,6.643117136272292,42.72208489312066,0.18139139811197916,0.0,0.0,0.0,0,0.7163270440573708
Person1_0,2659,dark,gamma,3.0,1409.8308706998157,5.5629922296339345,23.45481194390191,0.4692535400390625,0.0,0.0,0.0,0,0.315717437657711
Person1_0,2659,dark,gamma,4.5,1040.727051812638,3.9537672835917483,11.144843207465279,0.6376529269748263,0.0,0.0,0.0,0,0.12830072153003508
Person1_0,2659,overexpose,gamma,0.5,1746.3497463321125,7.380565349978598,143.35547044542102,0.0013953314887152778,0.6666666666666666,1.0,0.45166024565696716,2,0.2940814457196758
Person1_0,2659,overexpose,gamma,0.3,1449.499533939589,7.057449372513867,177.284420437283,0.002017550998263889,0.0,1.0,0.6864398717880249,1,0.03303248145180878
Person1_0,2659,overexpose,gamma,0.15,1240.7031858640232,6.375311019528617,210.39331732855902,0.004575941297743056,0.0,1.0,0.6760931015014648,1,0.0
Person1_0,2659,jpeg,quality,30.0,1932.1079285198352,7.468889870017747,90.51937357584636,0.005637274848090278,1.0,0.0,0.0,1,0.705705055258613
Person1_0,2659,jpeg,quality,10.0,1483.1536618498621,7.164057545019977,90.59604899088542,0.006329006618923611,0.0,1.0,0.2273208051919937,3,0.6800112246709573
Person1_0,2659,jpeg,quality,3.0,1016.2924628522659,4.91390334079607,90.73509894476996,0.04159884982638889,0.0,0.0,0.0,0,0.44752540020845755
Person1_0,3141,baseline,none,0.0,385.88054232057596,6.493497108092634,50.053641425238716,0.022099812825520832,1.0,1.0,0.18726442754268646,1,0.7096698207236605
Person1_0,3141,gauss_blur,sigma,1.0,27.991187126168775,6.517694745799596,50.068756103515625,0.016993204752604168,0.0,0.0,0.0,0,0.40468731985698947
Person1_0,3141,gauss_blur,sigma,2.0,3.491212570806967,6.489666900793192,50.073311699761284,0.014963785807291666,0.0,0.0,0.0,0,0.18014529265932477
Person1_0,3141,gauss_blur,sigma,4.0,1.6082848430249008,6.449492311761716,50.07798597547743,0.011125352647569444,0.0,0.0,0.0,1,0.11471111047077336
Person1_0,3141,gauss_blur,sigma,8.0,1.354053068627247,6.378196341962382,50.08716328938802,0.0052947998046875,0.0,0.0,0.0,1,0.10191253203270188
Person1_0,3141,motion_blur,kernel_px,9.0,57.675711710692994,6.515548612655973,50.070410834418404,0.016201443142361112,0.0,0.0,0.0,0,0.4896665835611548
Person1_0,3141,motion_blur,kernel_px,21.0,23.026667234933363,6.484102794453478,50.07553270128038,0.013031005859375,0.0,0.0,0.0,0,0.38169549484428344
Person1_0,3141,motion_blur,kernel_px,41.0,11.544075797803497,6.448618802468758,50.07818094889323,0.009806315104166666,0.0,0.0,0.0,2,0.3029969527654824
Person1_0,3141,noise,sigma,10.0,1241.6004887890317,6.699388791362963,49.79064602322049,0.031534830729166664,0.0,0.0,0.0,0,0.8652795191740347
Person1_0,3141,noise,sigma,25.0,5259.309188568316,6.839260314305282,50.9263916015625,0.045237223307291664,0.0,0.0,0.0,0,0.9340374707808897
Person1_0,3141,noise,sigma,50.0,16412.743309332265,7.058565683253811,55.5148434109158,0.057352701822916664,0.0,0.0,0.0,0,0.9293182685532547
Person1_0,3141,dark,gamma,2.0,124.26958550273636,4.970215063837148,12.355450100368923,0.3422003851996528,0.0,0.0,0.0,0,0.20642491407606725
Person1_0,3141,dark,gamma,3.0,42.06547715855234,3.243266826981248,3.399327596028646,0.8527882893880209,1.0,1.0,0.16384588181972504,1,0.021054734375666035
Person1_0,3141,dark,gamma,4.5,12.284729003342854,0.9859514409851685,0.496795654296875,0.9753367106119791,0.0,0.0,0.0,0,0.0007096196658060333
Person1_0,3141,overexpose,gamma,0.5,575.5511538187664,6.81772625832505,106.86704338921442,0.00040520562065972225,1.0,1.0,0.31937381625175476,1,0.4890739217743068
Person1_0,3141,overexpose,gamma,0.3,606.5228455888889,6.692825787580333,148.52146233452692,0.0003628200954861111,1.0,1.0,0.3383626341819763,1,0.21464619059515833
Person1_0,3141,overexpose,gamma,0.15,660.714028525672,6.150415891843643,191.9464348687066,0.00035773383246527775,0.6666666666666666,1.0,0.3906997740268707,2,0.0
Person1_0,3141,jpeg,quality,30.0,343.8708822580836,6.359277631965744,50.11861334906684,0.015797932942708332,0.0,0.0,0.0,0,0.6863436973283094
Person1_0,3141,jpeg,quality,10.0,254.79325696494845,5.52343758251209,50.1904042561849,0.006283230251736111,0.6666666666666666,1.0,0.13031995296478271,2,0.5714468335791133
Person1_0,3141,jpeg,quality,3.0,167.10870700246758,2.410290814928279,50.63851420084635,0.1012234157986111,0.0,0.0,0.0,0,0.2092156653456289
Person1_0,3284,baseline,none,0.0,96.08150528021798,6.17574786380845,35.56123691134982,0.039789835611979164,1.0,1.0,0.5289580225944519,2,0.4496319441681167
Person1_0,3284,gauss_blur,sigma,1.0,11.940324424582037,6.235326707103648,35.57033114963107,0.03289455837673611,0.8,1.0,0.534285306930542,3,0.2558738851967113
Person1_0,3284,gauss_blur,sigma,2.0,2.6471591422127356,6.231022245141252,35.573706732855904,0.027353922526041668,0.6666666666666666,1.0,0.28019165992736816,1,0.12996857450942506
Person1_0,3284,gauss_blur,sigma,4.0,1.464940388166679,6.199019385654037,35.57333204481337,0.019105699327256944,0.0,0.0,0.0,0,0.09091554969707526
Person1_0,3284,gauss_blur,sigma,8.0,1.1590830476718879,6.127375835466345,35.565087212456596,0.0103759765625,0.0,0.0,0.0,0,0.07734462267508088
Person1_0,3284,motion_blur,kernel_px,9.0,24.051087422569474,6.234177329844906,35.572855631510414,0.029496934678819444,1.0,1.0,0.10907875001430511,2,0.32296798285630973
Person1_0,3284,motion_blur,kernel_px,21.0,8.849272843450308,6.22490542276301,35.57544623480903,0.021221584743923612,0.0,0.0,0.0,0,0.2309792093028033
Person1_0,3284,motion_blur,kernel_px,41.0,4.421158712667721,6.200045218132345,35.57591756184896,0.014738294813368056,0.0,0.0,0.0,0,0.17113098813306013
Person1_0,3284,noise,sigma,10.0,917.8858958482627,6.418153413777107,35.52322896321615,0.07196214463975695,1.0,1.0,0.245570108294487,2,0.6732387353428223
Person1_0,3284,noise,sigma,25.0,4479.340356313862,6.5611386532545435,37.7383304172092,0.09437052408854167,0.0,0.0,0.0,1,0.7627196847981216
Person1_0,3284,noise,sigma,50.0,14184.82003294424,6.7954711301645965,43.99095323350694,0.1033511691623264,0.0,0.0,0.0,0,0.825777528802604
Person1_0,3284,dark,gamma,2.0,38.68729456884062,4.156252377277521,7.058041042751736,0.5967559814453125,0.0,0.0,0.0,1,0.07570881064920532
Person1_0,3284,dark,gamma,3.0,22.176455966288934,2.2963180749069645,1.6653035481770833,0.92840576171875,0.0,0.0,0.0,0,0.005920977890969114
Person1_0,3284,dark,gamma,4.5,13.665056014123069,0.4402577996740655,0.1800079345703125,0.9943084716796875,0.0,0.0,0.0,0,7.55961642492793e-05
Person1_0,3284,overexpose,gamma,0.5,171.5747985817308,6.802829018632758,86.88693067762587,0.00024583604600694444,1.0,1.0,0.5463153123855591,2,0.5010530500444851
Person1_0,3284,overexpose,gamma,0.3,233.22591424094128,6.777962792901719,129.25106641981336,0.00022040473090277778,0.6666666666666666,1.0,0.5151997208595276,1,0.2925572790982712
Person1_0,3284,overexpose,gamma,0.15,383.1711523052689,6.3673534515297145,176.74294704861111,0.00023735894097222222,0.6666666666666666,1.0,0.3912973403930664,1,0.028355667071976152
Person1_0,3284,jpeg,quality,30.0,100.21989625561004,5.963913219574636,35.64615037706163,0.031636555989583336,0.6666666666666666,1.0,0.4934425354003906,4,0.442232674682015
Person1_0,3284,jpeg,quality,10.0,96.74737061559006,4.6995605125613436,35.70415920681424,0.008853488498263888,0.5,1.0,0.4580628275871277,2,0.3541680336452757
Person1_0,3284,jpeg,quality,3.0,137.72662014431424,2.076698066530161,34.67399427625868,0.2818179660373264,0.0,0.0,0.0,0,0.12092374521167333
Person1_0,3478,baseline,none,0.0,489.7243105651852,6.393825289640385,44.441741943359375,0.034033881293402776,1.0,0.0,0.0,1,0.6854000484815833
Person1_0,3478,gauss_blur,sigma,1.0,27.228215261026175,6.418687143980205,44.45179239908854,0.027930365668402776,1.0,0.0,0.0,1,0.373324919702681
Person1_0,3478,gauss_blur,sigma,2.0,3.3941209558627494,6.396239265237911,44.45341491699219,0.023481580946180556,1.0,0.0,0.0,1,0.1656175432325102
Person1_0,3478,gauss_blur,sigma,4.0,1.604761758609387,6.356946389622304,44.45385064019097,0.015323215060763888,0.0,0.0,0.0,0,0.10734247168580073
Person1_0,3478,gauss_blur,sigma,8.0,1.339855617714218,6.261224812973287,44.4504886203342,0.005559285481770833,0.0,0.0,0.0,1,0.09480974908103591
Person1_0,3478,motion_blur,kernel_px,9.0,42.25751733869303,6.409530401592204,44.45122612847222,0.025666978624131944,0.0,0.0,0.0,1,0.4214072073957368
Person1_0,3478,motion_blur,kernel_px,21.0,17.087115904753226,6.3718646215820005,44.45122612847222,0.01800537109375,0.0,0.0,0.0,1,0.32449438716878226
Person1_0,3478,motion_blur,kernel_px,41.0,9.026131559117342,6.30914179822401,44.45298767089844,0.010652330186631944,0.0,0.0,0.0,0,0.25774265212762765
Person1_0,3478,noise,sigma,10.0,1326.6110318098795,6.6218489251773205,44.32824367947049,0.05612521701388889,0.0,0.0,0.0,0,0.804255695388289
Person1_0,3478,noise,sigma,25.0,5146.192948474882,6.759627717029558,45.843709309895836,0.06719801161024305,0.0,0.0,0.0,0,0.8679268563888356
Person1_0,3478,noise,sigma,50.0,15656.505955651744,6.974877582265439,51.07133314344618,0.07355414496527778,0.0,0.0,0.0,0,0.9073842988921873
Person1_0,3478,dark,gamma,2.0,192.63175084578722,4.689139530427883,10.267020331488716,0.3983408610026042,0.0,0.0,0.0,0,0.18950894466687607
Person1_0,3478,dark,gamma,3.0,74.39557560905814,2.915107587007476,2.644536336263021,0.8831363254123263,0.0,0.0,0.0,2,0.017091374560178344
Person1_0,3478,dark,gamma,4.5,24.08353847844446,0.7821714977509752,0.3890363905164931,0.9821794297960069,0.6666666666666666,0.0,0.0,2,0.0005059863293081302
Person1_0,3478,overexpose,gamma,0.5,640.1407431354746,6.8366940143033705,98.816407945421,0.0004781087239583333,0.0,0.0,0.0,0,0.5507732470809455
Person1_0,3478,overexpose,gamma,0.3,654.1206927431493,6.727000912456821,140.35192362467447,0.00041029188368055556,0.0,0.0,0.0,0,0.2720076201548458
Person1_0,3478,overexpose,gamma,0.15,766.779019570527,6.237245620054831,184.91636657714844,0.0004085964626736111,0.0,0.0,0.0,0,0.0
Person1_0,3478,jpeg,quality,30.0,394.02484262106594,6.167503439161878,44.51157803005643,0.024627685546875,0.0,0.0,0.0,4,0.644582198403791
Person1_0,3478,jpeg,quality,10.0,261.6985487341419,5.254418903109419,44.56795416937934,0.008309258355034722,0.0,0.0,0.0,0,0.5204923625391454
Person1_0,3478,jpeg,quality,3.0,174.70138210719338,2.3645130326405845,44.73974948459201,0.19772169325086805,0.0,0.0,0.0,0,0.1760606232496122
Person1_0,3826,baseline,none,0.0,81.4419634004129,5.702673842508996,24.77239990234375,0.08397759331597222,1.0,0.0,0.0,1,0.34442402302850045
Person1_0,3826,gauss_blur,sigma,1.0,9.158048703826758,5.759626725530994,24.787124633789062,0.0739101833767361,1.0,0.0,0.0,1,0.1848158948207409
Person1_0,3826,gauss_blur,sigma,2.0,2.3134070253775767,5.751070021388429,24.79348585340712,0.0645938449435764,1.0,0.0,0.0,1,0.09632827165195733
Person1_0,3826,gauss_blur,sigma,4.0,1.477737425927096,5.728835943614716,24.799828423394096,0.05030992296006945,0.0,0.0,0.0,0,0.07379133095639755
Person1_0,3826,gauss_blur,sigma,8.0,1.1548190624165684,5.672391966530537,24.803102281358505,0.03248257107204861,0.0,0.0,0.0,0,0.06298236424823
Person1_0,3826,motion_blur,kernel_px,9.0,12.811939843263431,5.75373176224686,24.791212293836807,0.06732686360677083,0.6666666666666666,0.0,0.0,2,0.21059258966430233
Person1_0,3826,motion_blur,kernel_px,21.0,5.846207746925453,5.735564175452158,24.80099148220486,0.05418226453993055,1.0,0.0,0.0,1,0.1559944336071346
Person1_0,3826,motion_blur,kernel_px,41.0,3.4242767015512294,5.710666023846633,24.807032267252605,0.0412750244140625,0.0,0.0,0.0,0,0.12171350046240563
Person1_0,3826,noise,sigma,10.0,855.6954627107385,5.982859552629889,25.119964599609375,0.12249925401475695,0.0,0.0,0.0,0,0.5316714575098461
Person1_0,3826,noise,sigma,25.0,3991.4874217473625,6.186007273709592,28.139389038085938,0.141326904296875,0.0,0.0,0.0,0,0.6234075173582799
Person1_0,3826,noise,sigma,50.0,12435.855845264254,6.519053465068316,35.732581244574654,0.1389889187282986,0.0,0.0,0.0,0,0.7075918121497711
Person1_0,3826,dark,gamma,2.0,18.61918287013404,3.2512747795629102,3.579099867078993,0.7324642605251737,1.0,0.0,0.0,1,0.030413672525320668
Person1_0,3826,dark,gamma,3.0,7.559014195081904,1.3579478216038952,0.5617099338107638,0.9922383626302084,0.0,0.0,0.0,1,0.0002555227163893754
Person1_0,3826,dark,gamma,4.5,3.551796806145483,0.08818722499924429,0.039742363823784724,0.9986029730902778,0.0,0.0,0.0,1,2.0936201472509272e-06
Person1_0,3826,overexpose,gamma,0.5,204.79808860077858,6.564168966914294,70.90285407172308,0.00014071994357638888,1.0,0.0,0.0,1,0.5843507151224583
Person1_0,3826,overexpose,gamma,0.3,335.90302700463985,6.622549885583741,112.92047458224826,7.459852430555556e-05,0.0,0.0,0.0,0,0.3998744855097725
Person1_0,3826,overexpose,gamma,0.15,677.4919931802923,6.360826591197725,162.62265353732639,7.120768229166667e-05,0.0,1.0,0.1937069594860077,1,0.11936711058664032
Person1_0,3826,jpeg,quality,30.0,77.10963245214501,5.519213449243141,24.92999776204427,0.06738111707899305,1.0,0.0,0.0,1,0.33576408824210996
Person1_0,3826,jpeg,quality,10.0,69.02299147386412,4.1890648179146845,24.942101372612846,0.0235595703125,0.0,0.0,0.0,0,0.2601589883413721
Person1_0,3826,jpeg,quality,3.0,107.36071752158946,1.6723489424744271,22.826651679144966,0.4511057535807292,0.0,0.0,0.0,0,0.06301118238884404
Person1_0,4532,baseline,none,0.0,93.47476846833975,5.74088876762193,24.92843797471788,0.0891384548611111,1.0,1.0,0.10195743292570114,2,0.3559846169419101
Person1_0,4532,gauss_blur,sigma,1.0,10.367916499942911,5.806353145849067,24.945783827039932,0.07755025227864583,0.6666666666666666,1.0,0.13926474750041962,1,0.19490272792716648
Person1_0,4532,gauss_blur,sigma,2.0,2.4096289727992075,5.7923745288227915,24.952965630425346,0.067474365234375,0.0,0.0,0.0,0,0.09919195427720992
Person1_0,4532,gauss_blur,sigma,4.0,1.5068681503582835,5.7611554520355375,24.95890129937066,0.05278354220920139,0.0,0.0,0.0,0,0.07508813660798183
Person1_0,4532,gauss_blur,sigma,8.0,1.1979115803317841,5.702755216663686,24.961688571506077,0.034983317057291664,0.0,0.0,0.0,0,0.06488843944282385
Person1_0,4532,motion_blur,kernel_px,9.0,15.593236085576478,5.800098988757004,24.951085408528645,0.0729827880859375,0.0,0.0,0.0,0,0.22611053874051285
Person1_0,4532,motion_blur,kernel_px,21.0,7.3131898189693665,5.777379376039854,24.959125094943577,0.058113945855034724,0.0,0.0,0.0,0,0.1725459964773511
Person1_0,4532,motion_blur,kernel_px,41.0,4.327797611206655,5.7496293547852515,24.966020372178818,0.04526095920138889,0.0,0.0,0.0,0,0.13750431444930683
Person1_0,4532,noise,sigma,10.0,866.663770139942,6.011916175739913,25.276509602864582,0.12590535481770834,0.0,0.0,0.0,0,0.534021968902177
Person1_0,4532,noise,sigma,25.0,4004.1330828522737,6.195879347999017,28.265148586697048,0.14310709635416666,0.0,0.0,0.0,0,0.6238728854635963
Person1_0,4532,noise,sigma,50.0,12550.281229295644,6.5262885672135225,35.882232666015625,0.14016554090711805,0.0,0.0,0.0,0,0.7083712516068351
Person1_0,4532,dark,gamma,2.0,21.195826183242822,3.3084628081332723,3.6748758951822915,0.7228630913628472,0.0,0.0,0.0,0,0.03342943733304042
Person1_0,4532,dark,gamma,3.0,9.267327196608631,1.401014215037882,0.5924089219835069,0.9882727728949653,0.0,0.0,0.0,1,0.00043225826166143143
Person1_0,4532,dark,gamma,4.5,5.34161376911733,0.11318705237449106,0.043207804361979164,0.9989369710286459,0.0,0.0,0.0,1,2.4922150107763164e-06
Person1_0,4532,overexpose,gamma,0.5,234.27685302861306,6.5774794760681905,70.98271857367621,0.00019327799479166666,0.6666666666666666,0.0,0.0,1,0.5997862373848413
Person1_0,4532,overexpose,gamma,0.3,371.5404720206939,6.631127621407037,112.78138224283855,0.00013393825954861112,1.0,1.0,0.11141877621412277,2,0.40810955023383094
Person1_0,4532,overexpose,gamma,0.15,698.4827223695975,6.352940679132357,162.20153639051648,0.00013563368055555556,0.0,0.0,0.0,0,0.12241164903531497
Person1_0,4532,jpeg,quality,30.0,90.50780351342415,5.612346736518975,25.074405246310764,0.07478162977430555,1.0,1.0,0.10859379172325134,2,0.35153566186323965
Person1_0,4532,jpeg,quality,10.0,77.40497164699582,4.34890500927476,25.203470865885418,0.021216498480902776,0.4,1.0,0.11345098912715912,3,0.278670269975462
Person1_0,4532,jpeg,quality,3.0,114.70826212399535,1.683054610383651,22.547200520833332,0.4467620849609375,0.0,0.0,0.0,0,0.06462486423206763
Person1_0,4563,baseline,none,0.0,98.89466176326619,5.660787389546518,22.966166178385418,0.08414713541666667,1.0,0.0,0.0,0,0.3502043516743294
Person1_0,4563,gauss_blur,sigma,1.0,11.164597997775324,5.707625131149763,22.99007331000434,0.0726284450954861,1.0,0.0,0.0,0,0.19407661657142766
Person1_0,4563,gauss_blur,sigma,2.0,2.6129691821097594,5.679258911299174,22.996680365668404,0.06137424045138889,1.0,0.0,0.0,0,0.100493344459371
Person1_0,4563,gauss_blur,sigma,4.0,1.61964754780674,5.628091529793252,22.998167249891495,0.044943915473090276,1.0,0.0,0.0,0,0.07597134782037668
Person1_0,4563,gauss_blur,sigma,8.0,1.279713946624578,5.551514728622978,23.000735812717014,0.025549994574652776,1.0,0.0,0.0,0,0.0654261926952812
Person1_0,4563,motion_blur,kernel_px,9.0,15.413494146805546,5.694915924392355,22.99407280815972,0.06683858235677083,0.0,0.0,0.0,2,0.21822535655865777
Person1_0,4563,motion_blur,kernel_px,21.0,7.441689085419417,5.651846857665872,23.000345865885418,0.0503997802734375,1.0,0.0,0.0,0,0.16802909451190667
Person1_0,4563,motion_blur,kernel_px,41.0,4.423256468231916,5.605331128487232,23.006798638237846,0.035319010416666664,1.0,0.0,0.0,0,0.13418523718246614
Person1_0,4563,noise,sigma,10.0,864.7921204980759,5.914244777370331,23.36276414659288,0.1271294487847222,1.0,0.0,0.0,0,0.5143632596980453
Person1_0,4563,noise,sigma,25.0,3950.7519187558823,6.10512447824605,26.528594970703125,0.14871385362413195,1.0,0.0,0.0,0,0.6003717440410841
Person1_0,4563,noise,sigma,50.0,12337.88382032465,6.4651870417259145,34.36844380696615,0.14873758951822916,1.0,0.0,0.0,0,0.6851978128903895
Person1_0,4563,dark,gamma,2.0,16.063911951454585,3.1963324479195925,3.135370890299479,0.7963121202256944,1.0,0.0,0.0,0,0.021573265822626867
Person1_0,4563,dark,gamma,3.0,5.4556678334756965,1.2789221336868133,0.4820607503255208,0.9910108778211806,1.0,0.0,0.0,0,0.0002418423087402218
Person1_0,4563,dark,gamma,4.5,3.216903490712866,0.14076258603979805,0.024073282877604168,0.9998558892144097,1.0,0.0,0.0,0,3.2727184766610625e-07
Person1_0,4563,overexpose,gamma,0.5,265.7162407759784,6.566989717788338,67.96158854166667,0.00013054741753472222,1.0,0.0,0.0,0,0.6293378156662864
Person1_0,4563,overexpose,gamma,0.3,419.55257315126266,6.664771847817889,109.75657653808594,0.00011020236545138889,1.0,0.0,0.0,0,0.43695922792046493
Person1_0,4563,overexpose,gamma,0.15,762.6244895615395,6.402983358366928,159.7006089952257,0.00011020236545138889,1.0,0.0,0.0,0,0.1410644191445865
Person1_0,4563,jpeg,quality,30.0,93.00369745966357,5.594221349343195,23.138314141167534,0.0659756130642361,1.0,0.0,0.0,0,0.3489098626131162
Person1_0,4563,jpeg,quality,10.0,78.14399196189127,4.519077836630371,23.203572591145832,0.017500135633680556,1.0,0.0,0.0,0,0.28544427147883833
Person1_0,4563,jpeg,quality,3.0,115.13308036684946,1.5527785664873746,20.587810940212673,0.4541795518663194,1.0,0.0,0.0,0,0.05767752194661605
Person1_0,5177,baseline,none,0.0,72.69775899244115,5.1376757878939205,30.345557318793404,0.09753248426649305,1.0,1.0,0.7021176218986511,2,0.31470032674871423
Person1_0,5177,gauss_blur,sigma,1.0,7.245217216991597,5.144589099976762,30.346616956922745,0.0902896457248264,1.0,1.0,0.7041867971420288,2,0.15584700287970601
Person1_0,5177,gauss_blur,sigma,2.0,1.482784694992005,5.145602535034995,30.349611070421005,0.08544074164496528,1.0,1.0,0.5864365696907043,2,0.06755289121926741
Person1_0,5177,gauss_blur,sigma,4.0,0.989412095670784,5.176098670097135,30.357725355360245,0.07919989691840278,1.0,1.0,0.5419473648071289,2,0.051753360957930025
Person1_0,5177,gauss_blur,sigma,8.0,0.7584737141467169,5.194876718470368,30.366109212239582,0.07092115614149305,0.0,0.0,0.0,0,0.04300994941393439
Person1_0,5177,motion_blur,kernel_px,9.0,25.989783392448757,5.159799276374841,30.348041110568577,0.08774820963541667,1.0,1.0,0.6961758136749268,2,0.24485384460689802
Person1_0,5177,motion_blur,kernel_px,21.0,15.881244234300937,5.1650188351245685,30.35477532280816,0.08220926920572917,0.6666666666666666,1.0,0.5769627690315247,1,0.21149030808090763
Person1_0,5177,motion_blur,kernel_px,41.0,7.398442584995386,5.157851654045426,30.364127265082466,0.0771026611328125,0.0,0.0,0.0,0,0.15992399427582793
Person1_0,5177,noise,sigma,10.0,883.5635137535796,5.848907145154269,30.324649386935764,0.09295654296875,1.0,1.0,0.6525235772132874,2,0.5680743503319867
Person1_0,5177,noise,sigma,25.0,4369.779642056353,6.2326442399092805,32.34410603841146,0.0875888400607639,0.6666666666666666,1.0,0.6656943559646606,1,0.6948121129838274
Person1_0,5177,noise,sigma,50.0,13300.202307462958,6.624244167495359,39.21430460611979,0.1002010769314236,0.0,0.0,0.0,0,0.7751775813168964
Person1_0,5177,dark,gamma,2.0,14.066943698433336,2.895582174449407,4.259389241536458,0.7461073133680556,0.4,1.0,0.27286309003829956,3,0.023629803665021095
Person1_0,5177,dark,gamma,3.0,3.28692287867774,1.1033302390765005,0.4572889539930556,0.9870588514539931,0.0,0.0,0.0,0,0.0002343521981532341
Person1_0,5177,dark,gamma,4.5,0.46543545192855035,0.1254432772368691,0.038187662760416664,0.9974907769097222,0.0,0.0,0.0,0,1.3487746465187578e-06
Person1_0,5177,overexpose,gamma,0.5,146.64481097369833,5.783110340913609,82.0756106906467,0.0007866753472222222,0.6666666666666666,1.0,0.7448833584785461,1,0.43376913958152896
Person1_0,5177,overexpose,gamma,0.3,180.7160694772741,5.738095366517731,125.56282382541232,0.0004967583550347222,0.6666666666666666,1.0,0.7395498752593994,1,0.2526859226576213
Person1_0,5177,overexpose,gamma,0.15,263.4285648994516,5.354531734033788,174.25972832573785,0.00048658582899305556,0.6666666666666666,1.0,0.7344690561294556,1,0.03352464922785572
Person1_0,5177,jpeg,quality,30.0,70.00692916389862,4.522959469233706,30.34159172905816,0.08721415201822917,0.4,1.0,0.8057571053504944,3,0.27778004891914143
Person1_0,5177,jpeg,quality,10.0,65.71062383570501,3.1425400958119782,30.318150838216145,0.059761895073784724,0.4,1.0,0.6698017716407776,3,0.1958506953858474
Person1_0,5177,jpeg,quality,3.0,52.05490790013182,1.161759536793565,25.563751220703125,0.2477874755859375,0.0,0.0,0.0,0,0.0522771437613073
Person1_0,5357,baseline,none,0.0,244.40330327716129,5.762857074892461,45.67041015625,0.05021837022569445,1.0,1.0,0.7080235481262207,3,0.5450579561812309
Person1_0,5357,gauss_blur,sigma,1.0,17.854015741287448,5.766194707039435,45.68013170030382,0.04281277126736111,0.6666666666666666,1.0,0.7518487572669983,3,0.2933418458718861
Person1_0,5357,gauss_blur,sigma,2.0,2.3188646097242094,5.737174090163478,45.685250176323784,0.037863837348090276,0.5,1.0,0.7436947226524353,1,0.1198456260205811
Person1_0,5357,gauss_blur,sigma,4.0,1.2468770339418163,5.730141186250959,45.68919033474393,0.030534532335069444,0.4,1.0,0.6047853231430054,2,0.08139427391831097
Person1_0,5357,gauss_blur,sigma,8.0,0.9053056501513232,5.720696782305577,45.696265326605904,0.022191365559895832,0.0,0.0,0.0,0,0.06526862963015127
Person1_0,5357,motion_blur,kernel_px,9.0,73.70698038708231,5.770609650683159,45.68280707465278,0.039789835611979164,0.5,1.0,0.7324180603027344,1,0.43257288324277743
Person1_0,5357,motion_blur,kernel_px,21.0,42.983030526769475,5.742797380025961,45.68922593858507,0.03282335069444445,0.28571428571428575,1.0,0.3116149306297302,4,0.38037786697345205
Person1_0,5357,motion_blur,kernel_px,41.0,19.268359710562997,5.711047287413786,45.69550916883681,0.026524861653645832,0.0,0.0,0.0,0,0.30279708007071476
Person1_0,5357,noise,sigma,10.0,1086.8670993270584,6.25802448793843,45.46995205349393,0.05140516493055555,0.28571428571428575,1.0,0.5693343281745911,4,0.7498609707681506
Person1_0,5357,noise,sigma,25.0,5033.530195950621,6.629364199408816,46.744864569769966,0.056482950846354164,0.5,1.0,0.7301564812660217,1,0.8674370779024316
Person1_0,5357,noise,sigma,50.0,15878.442120021202,6.944514986911617,51.67280748155382,0.06313239203559028,0.0,0.0,0.0,0,0.9219939830157801
Person1_0,5357,dark,gamma,2.0,67.02139620895697,4.10671519283573,10.011830647786459,0.3330722384982639,0.2222222222222222,1.0,0.6088793873786926,6,0.14698181058782178
Person1_0,5357,dark,gamma,3.0,21.870127359462646,2.4370263898986004,2.3589986165364585,0.9640791151258681,0.0,0.0,0.0,3,0.00316808164862441
Person1_0,5357,dark,gamma,4.5,5.911032782657722,0.3272929196866644,0.19036865234375,0.9912736680772569,0.0,0.0,0.0,0,6.203421013155809e-05
Person1_0,5357,overexpose,gamma,0.5,384.2135123446735,6.121228664144386,101.76231384277344,0.0006374782986111111,0.5714285714285715,1.0,0.6935800313949585,4,0.43920467726253026
Person1_0,5357,overexpose,gamma,0.3,398.8449543642057,6.000503987018908,143.6739247639974,0.0003916422526041667,0.5714285714285715,1.0,0.6730950474739075,4,0.2061546457646983
Person1_0,5357,overexpose,gamma,0.15,452.13171725361155,5.489594336734791,187.96670532226562,0.00038316514756944444,0.4,1.0,0.6618866920471191,2,0.0
Person1_0,5357,jpeg,quality,30.0,217.86334963942835,5.2953241173249115,45.8174794514974,0.042058308919270836,0.5714285714285715,1.0,0.6719493269920349,4,0.49524099110507047
Person1_0,5357,jpeg,quality,10.0,178.46646957664845,4.023843252866972,45.83471001519097,0.013617621527777778,0.3333333333333333,1.0,0.5842782855033875,3,0.373281394222273
Person1_0,5357,jpeg,quality,3.0,91.08803304036458,1.7550888619940277,48.2882809109158,0.1486545138888889,0.0,0.0,0.0,0,0.12496012593647692
Person1_0,5497,baseline,none,0.0,181.54219505075872,5.832131073528995,46.81968519422743,0.04070705837673611,1.0,1.0,0.49244213104248047,2,0.5322240780990665
Person1_0,5497,gauss_blur,sigma,1.0,14.540532420007047,5.845072027351028,46.82548522949219,0.03488498263888889,1.0,1.0,0.5260164141654968,2,0.2827593747971819
Person1_0,5497,gauss_blur,sigma,2.0,2.240910841632106,5.836201807659419,46.82744344075521,0.030565049913194444,1.0,1.0,0.4783509373664856,2,0.1215514985343755
Person1_0,5497,gauss_blur,sigma,4.0,1.2540351019965277,5.838240702684641,46.828213161892364,0.024407280815972224,0.5,1.0,0.35170868039131165,2,0.08457716169487992
Person1_0,5497,gauss_blur,sigma,8.0,0.951580471390812,5.831976495754274,46.83106655544705,0.016704983181423612,0.0,0.0,0.0,0,0.07005875906115878
Person1_0,5497,motion_blur,kernel_px,9.0,60.000342473893674,5.859962195821172,46.826744927300346,0.03235202365451389,0.5714285714285715,1.0,0.46248385310173035,5,0.42589470109871547
Person1_0,5497,motion_blur,kernel_px,21.0,38.573871158198514,5.843441419764081,46.82574123806424,0.026467217339409724,0.3333333333333333,1.0,0.11752602458000183,4,0.3822985500930585
Person1_0,5497,motion_blur,kernel_px,41.0,18.37839082361741,5.815005758775601,46.82732476128472,0.020075480143229168,0.0,0.0,0.0,3,0.3086040143821534
Person1_0,5497,noise,sigma,10.0,1027.2257639200022,6.292245463899094,46.58116319444444,0.04712083604600695,0.8,1.0,0.5293840765953064,3,0.7582295995952902
Person1_0,5497,noise,sigma,25.0,5009.73949925371,6.664643751012687,47.8899417453342,0.05679490831163195,0.8,1.0,0.5315093398094177,3,0.8800121771445854
Person1_0,5497,noise,sigma,50.0,15993.003816545766,6.964695177441197,52.67446051703559,0.06400892469618055,0.6666666666666666,0.0,0.0,1,0.9284558840905155
Person1_0,5497,dark,gamma,2.0,54.58675283604924,4.17561335286695,10.580025566948784,0.3514997694227431,0.5,0.0,0.0,2,0.13929886956342183
Person1_0,5497,dark,gamma,3.0,19.626819163971916,2.473620626697544,2.55808342827691,0.9681769476996528,0.0,0.0,0.0,2,0.0027619985421805607
Person1_0,5497,dark,gamma,4.5,6.048131306894286,0.28865205803449023,0.16740587022569445,0.9916364881727431,0.0,0.0,0.0,2,5.295209729007005e-05
Person1_0,5497,overexpose,gamma,0.5,278.4418041930954,6.208172185632774,102.86178588867188,0.00011528862847222222,0.6666666666666666,1.0,0.645975649356842,1,0.41584774321040285
Person1_0,5497,overexpose,gamma,0.3,294.13585404108875,6.052864994200215,144.62444559733072,7.120768229166667e-05,0.5,1.0,0.6657275557518005,2,0.19254169315671205
Person1_0,5497,overexpose,gamma,0.15,352.5964761417656,5.556190877037063,188.73962910970053,7.120768229166667e-05,0.6666666666666666,1.0,0.6340550780296326,1,0.0
Person1_0,5497,jpeg,quality,30.0,180.36902074597458,5.33299697122229,46.956563313802086,0.03516811794704861,0.8,1.0,0.5908203721046448,3,0.4894309334460842
Person1_0,5497,jpeg,quality,10.0,153.1209117809259,4.1564286947444185,47.0443606906467,0.009801228841145834,0.5,1.0,0.14931955933570862,6,0.3795011658025803
Person1_0,5497,jpeg,quality,3.0,93.0102369478893,1.7064079192678967,47.43408203125,0.1502193874782986,0.0,0.0,0.0,3,0.12097580315548084
Person1_0,5565,baseline,none,0.0,217.89531034231203,5.711025485468216,53.70492384168837,0.0050201416015625,1.0,1.0,0.5701907873153687,1,0.5912166822137255
Person1_0,5565,gauss_blur,sigma,1.0,17.82588019791163,5.728340233418866,53.71175299750434,0.002209133572048611,1.0,1.0,0.6143918633460999,1,0.32391460654828896
Person1_0,5565,gauss_blur,sigma,2.0,2.2912902471459944,5.72444881000434,53.71168348524306,0.0014784071180555555,0.6666666666666666,1.0,0.5723020434379578,2,0.1314694333863301
Person1_0,5565,gauss_blur,sigma,4.0,1.1998121450988608,5.732804504265611,53.71183776855469,0.0007815890842013889,0.5,1.0,0.19925054907798767,3,0.08719230068783634
Person1_0,5565,gauss_blur,sigma,8.0,0.9460754377974409,5.704765579038955,53.70544942220052,0.00011528862847222222,0.0,0.0,0.0,0,0.07333009063125573
Person1_0,5565,motion_blur,kernel_px,9.0,51.469362982985686,5.73827491464777,53.712368435329864,0.001681857638888889,0.4,1.0,0.45971348881721497,4,0.43801427604569076
Person1_0,5565,motion_blur,kernel_px,21.0,33.42816427597246,5.730937791060606,53.71244812011719,0.0008731418185763889,0.0,0.0,0.0,3,0.39122705328548796
Person1_0,5565,motion_blur,kernel_px,41.0,18.634305361517477,5.714967401856094,53.71497090657552,0.0003407796223958333,0.0,0.0,0.0,3,0.328393036800375
Person1_0,5565,noise,sigma,10.0,1096.452107973325,6.209149374402871,53.295315212673614,0.012149386935763888,1.0,1.0,0.42713966965675354,1,0.8264538304698428
Person1_0,5565,noise,sigma,25.0,5336.844660130017,6.630638023922728,54.046851264105904,0.0251007080078125,0.0,0.0,0.0,0,0.9454770825358554
Person1_0,5565,noise,sigma,50.0,17205.858621931326,7.020928994673022,57.96102396647135,0.038550482855902776,0.0,0.0,0.0,0,0.9294805686293353
Person1_0,5565,dark,gamma,2.0,62.58577787172463,4.398138261912418,12.757239447699654,0.2337612575954861,0.0,0.0,0.0,0,0.1837571830005118
Person1_0,5565,dark,gamma,3.0,22.139665347512494,2.8145265420584913,3.113250732421875,0.9371982150607638,0.0,0.0,0.0,0,0.006483979686484915
Person1_0,5565,dark,gamma,4.5,7.552898830765808,0.4452856937312447,0.2006615532769097,0.9917076958550347,0.0,0.0,0.0,0,8.905589925464366e-05
Person1_0,5565,overexpose,gamma,0.5,346.35352742565897,5.932171968169907,113.25326877170139,0.0005425347222222222,1.0,1.0,0.5390404462814331,1,0.3581592975933527
Person1_0,5565,overexpose,gamma,0.3,364.4680122807593,5.762349353203309,155.18408711751303,0.00023905436197916666,1.0,1.0,0.39794570207595825,1,0.136004925802492
Person1_0,5565,overexpose,gamma,0.15,385.3265382787988,5.172300458792208,197.78745863172742,0.00023905436197916666,0.6666666666666666,1.0,0.10695105046033859,2,0.0
Person1_0,5565,jpeg,quality,30.0,209.49478753403204,5.209512294890743,53.88375684950087,0.005540635850694444,1.0,1.0,0.43075135350227356,1,0.5343549014106108
Person1_0,5565,jpeg,quality,10.0,171.77327762337194,4.119562012550145,53.452975802951386,0.005023532443576389,0.0,0.0,0.0,1,0.406935163423961
Person1_0,5565,jpeg,quality,3.0,94.01194184410308,1.4877140892145424,54.30841403537326,0.04301622178819445,0.0,0.0,0.0,1,0.12459704674006965
WaterBottle_0,1511,baseline,none,0.0,1534.0804807078327,6.727696523490007,48.447611490885414,0.016481187608506944,1.0,0.0,0.0,0,0.898787292322573
WaterBottle_0,1511,gauss_blur,sigma,1.0,90.9221155786496,6.659531811258535,48.47559271918403,0.003848605685763889,1.0,0.0,0.0,0,0.5554250489744319
WaterBottle_0,1511,gauss_blur,sigma,2.0,6.896092723408298,6.5895233122182155,48.48347812228732,0.0026448567708333335,0.0,0.0,0.0,1,0.25151675205682406
WaterBottle_0,1511,gauss_blur,sigma,4.0,2.0120256209694265,6.545892173804782,48.49003601074219,0.0016191270616319445,1.0,0.0,0.0,0,0.13346480006829445
WaterBottle_0,1511,gauss_blur,sigma,8.0,1.6049346913451352,6.505305449822934,48.497765435112846,0.000396728515625,0.0,0.0,0.0,2,0.1153182857124927
WaterBottle_0,1511,motion_blur,kernel_px,9.0,300.03447142553546,6.635731792797943,48.478446112738716,0.0034027099609375,0.0,0.0,0.0,1,0.6989902415467548
WaterBottle_0,1511,motion_blur,kernel_px,21.0,129.1651525753033,6.5536591900753995,48.48974100748698,0.002310858832465278,0.0,0.0,0.0,1,0.5896291633472763
WaterBottle_0,1511,motion_blur,kernel_px,41.0,55.69660091689603,6.492633607569744,48.49934556749132,0.0012308756510416667,0.0,0.0,0.0,1,0.48499037186292593
WaterBottle_0,1511,noise,sigma,10.0,2367.542672273139,6.876145078014463,48.23318990071615,0.03151109483506945,1.0,0.0,0.0,0,0.9270880175567588
WaterBottle_0,1511,noise,sigma,25.0,6069.018052810584,6.985527516658495,49.792967054578995,0.055547078450520836,0.0,0.0,0.0,1,0.9155883979825982
WaterBottle_0,1511,noise,sigma,50.0,16318.597329581635,7.15900222375225,55.05280049641927,0.0737033420138889,0.0,0.0,0.0,1,0.9165424889184961
WaterBottle_0,1511,dark,gamma,2.0,594.7696889141478,5.031369972487367,15.086856418185764,0.5070241292317709,1.0,0.0,0.0,0,0.2136906384497259
WaterBottle_0,1511,dark,gamma,3.0,278.9290211455937,3.2015618695721235,6.858934190538195,0.8066948784722222,1.0,0.0,0.0,0,0.04268804863510538
WaterBottle_0,1511,dark,gamma,4.5,133.86096352738628,1.5004215209878708,3.2873382568359375,0.9355672200520834,0.0,0.0,0.0,1,0.005548664151332511
WaterBottle_0,1511,overexpose,gamma,0.5,2174.0329802554966,7.202863999677824,102.19210984971788,0.0012156168619791667,1.0,0.0,0.0,0,0.6204387255823316
WaterBottle_0,1511,overexpose,gamma,0.3,2188.730027505068,7.0872414591269415,143.81958685980902,0.0009765625,1.0,0.0,0.0,0,0.29569015298814827
WaterBottle_0,1511,overexpose,gamma,0.15,2184.5116923214778,6.572966299812262,188.61355929904514,0.001300387912326389,1.0,0.0,0.0,0,0.0
WaterBottle_0,1511,jpeg,quality,30.0,1413.7715932822057,6.807789616860389,48.52386135525174,0.018490261501736112,0.0,0.0,0.0,1,0.8980899285627432
WaterBottle_0,1511,jpeg,quality,10.0,1075.3283148569362,6.4216630877762695,48.617423163519966,0.0147552490234375,0.0,0.0,0.0,3,0.8189503322919575
WaterBottle_0,1511,jpeg,quality,3.0,598.4936148318244,3.2093993626543433,48.33465915256076,0.0902591281467014,0.0,0.0,0.0,1,0.34544936723641845
WaterBottle_0,1522,baseline,none,0.0,1505.5074079907754,6.745212288503389,49.36906602647569,0.014546712239583334,1.0,0.0,0.0,1,0.9073482451182405
WaterBottle_0,1522,gauss_blur,sigma,1.0,92.96771070668991,6.66579560860042,49.395785861545136,0.0017140706380208333,1.0,0.0,0.0,1,0.5640473016204547
WaterBottle_0,1522,gauss_blur,sigma,2.0,7.035307122667515,6.591319808710033,49.40324571397569,0.0007103814019097222,1.0,0.0,0.0,1,0.25610963625523814
WaterBottle_0,1522,gauss_blur,sigma,4.0,2.037282305999578,6.5452015982478935,49.410000271267364,0.00016106499565972222,1.0,0.0,0.0,1,0.13566666111099396
WaterBottle_0,1522,gauss_blur,sigma,8.0,1.6069268117785274,6.500163048052282,49.41335211859809,0.0,0.6666666666666666,0.0,0.0,2,0.11622510206583431
WaterBottle_0,1522,motion_blur,kernel_px,9.0,291.1943414153065,6.638211083472063,49.398356119791664,0.0012986924913194445,1.0,0.0,0.0,1,0.7022911046454877
WaterBottle_0,1522,motion_blur,kernel_px,21.0,122.61941006383861,6.550508074334127,49.40799119737413,0.0005917019314236111,1.0,0.0,0.0,1,0.5884731599957412
WaterBottle_0,1522,motion_blur,kernel_px,41.0,52.85345812123498,6.487213279196897,49.413418240017364,0.00022549099392361112,1.0,0.0,0.0,1,0.4824574237509862
WaterBottle_0,1522,noise,sigma,10.0,2346.5460966157575,6.894092667533353,49.152518378363716,0.0294036865234375,0.0,0.0,0.0,0,0.9360764075378636
WaterBottle_0,1522,noise,sigma,25.0,6072.027965882583,7.003904904067337,50.60745408799913,0.053410847981770836,0.0,0.0,0.0,0,0.9236826577405197
WaterBottle_0,1522,noise,sigma,50.0,16363.001601708916,7.175811371269468,55.815643310546875,0.07135009765625,1.0,0.0,0.0,1,0.9133364693075742
WaterBottle_0,1522,dark,gamma,2.0,602.5860506759493,5.076673868106633,15.54496595594618,0.4969974093967014,1.0,0.0,0.0,1,0.22157883450027502
WaterBottle_0,1522,dark,gamma,3.0,296.6662512884941,3.2587559012891814,7.122212727864583,0.7992875840928819,1.0,0.0,0.0,1,0.045755521887006725
WaterBottle_0,1522,dark,gamma,4.5,153.84554033467757,1.537335036373901,3.4440731472439237,0.9342888726128472,0.0,0.0,0.0,1,0.005973375762265978
WaterBottle_0,1522,overexpose,gamma,0.5,2128.4356306364703,7.201005802744021,103.33675808376736,0.0013631184895833333,0.0,0.0,0.0,0,0.6114167239232942
WaterBottle_0,1522,overexpose,gamma,0.3,2172.1429603437145,7.077087451040059,144.87977091471353,0.001110500759548611,0.0,0.0,0.0,0,0.2873770200521792
WaterBottle_0,1522,overexpose,gamma,0.15,2231.2423005920155,6.555483258874468,189.41641235351562,0.0015275743272569445,0.0,0.0,0.0,1,0.0
WaterBottle_0,1522,jpeg,quality,30.0,1413.9054314825246,6.83112284956708,49.44048733181424,0.018117268880208332,1.0,0.0,0.0,1,0.9066005075227497
WaterBottle_0,1522,jpeg,quality,10.0,1126.0397551117555,6.46687101279962,49.50039842393663,0.01593017578125,1.0,0.0,0.0,1,0.8351208892551186
WaterBottle_0,1522,jpeg,quality,3.0,642.9019511836426,3.3099041856642026,49.56756252712674,0.08180067274305555,1.0,0.0,0.0,1,0.36725284674778047
WaterBottle_0,1540,baseline,none,0.0,1510.9060316231953,6.827786190317037,53.92785305447049,0.013843112521701388,1.0,0.0,0.0,2,0.948881808798239
WaterBottle_0,1540,gauss_blur,sigma,1.0,85.99794001856323,6.752687904859309,53.95952351888021,0.0012563069661458333,0.0,0.0,0.0,0,0.5803852595691932
WaterBottle_0,1540,gauss_blur,sigma,2.0,6.868099635351953,6.6850982330529725,53.96784973144531,0.00027635362413194444,0.0,0.0,0.0,0,0.2656429077538196
WaterBottle_0,1540,gauss_blur,sigma,4.0,2.0104031032526204,6.653615529847623,53.9747060139974,0.0,0.0,0.0,0.0,1,0.14128465697047504
WaterBottle_0,1540,gauss_blur,sigma,8.0,1.5619455969829201,6.620725898649483,53.97966172960069,0.0,0.0,0.0,0.0,1,0.12000445382117068
WaterBottle_0,1540,motion_blur,kernel_px,9.0,307.2319100172817,6.7291246138045135,53.96376207139757,0.0007188585069444445,0.0,0.0,0.0,1,0.7425560564778088
WaterBottle_0,1540,motion_blur,kernel_px,21.0,120.74757428824854,6.651777615098758,53.97491963704427,5.9339735243055555e-05,0.0,0.0,0.0,1,0.6153970194151827
WaterBottle_0,1540,motion_blur,kernel_px,41.0,51.10598801103717,6.603665196926388,53.98032803005643,0.0,0.0,0.0,0.0,1,0.5029792148376099
WaterBottle_0,1540,noise,sigma,10.0,2359.2084693215343,6.981264987036781,53.673194037543404,0.0256805419921875,0.0,0.0,0.0,0,0.9740779348392405
WaterBottle_0,1540,noise,sigma,25.0,6230.403590609604,7.088498084946462,54.9255116780599,0.0449981689453125,0.0,0.0,0.0,0,0.9458950840336103
WaterBottle_0,1540,noise,sigma,50.0,17061.736908778537,7.2477018857854,59.60840182834201,0.06138271755642361,0.0,0.0,0.0,1,0.8953273881873395
WaterBottle_0,1540,dark,gamma,2.0,617.9689497195275,5.303846825011142,17.459925333658855,0.4251132541232639,0.0,0.0,0.0,0,0.2712785782027732
WaterBottle_0,1540,dark,gamma,3.0,309.6897091221633,3.556816456815505,7.873989529079861,0.7422010633680556,0.0,0.0,0.0,0,0.06522356107273301
WaterBottle_0,1540,dark,gamma,4.5,165.99294535005987,1.7321372628405503,3.689787122938368,0.9345957438151041,0.0,0.0,0.0,1,0.006820680334011539
WaterBottle_0,1540,overexpose,gamma,0.5,2066.0391226178813,7.194920282217039,108.91763983832465,0.0014495849609375,0.0,0.0,0.0,0,0.5678263488369137
WaterBottle_0,1540,overexpose,gamma,0.3,2042.4597967716718,7.034754388726864,149.86485968695746,0.001202053493923611,0.0,0.0,0.0,0,0.2484514897997419
WaterBottle_0,1540,overexpose,gamma,0.15,2011.8323335816833,6.486203469890446,192.99355740017361,0.002020941840277778,0.0,0.0,0.0,0,0.0
WaterBottle_0,1540,jpeg,quality,30.0,1396.8406368429617,6.895357259594366,54.007322523328995,0.016442192925347224,0.6666666666666666,0.0,0.0,1,0.9356586506459312
WaterBottle_0,1540,jpeg,quality,10.0,1069.7554033066774,6.426442867132663,54.06237284342448,0.015516493055555556,0.0,0.0,0.0,2,0.8498091165500292
WaterBottle_0,1540,jpeg,quality,3.0,611.3794435800057,3.344405123532897,54.12679206000434,0.06843397352430555,0.0,0.0,0.0,1,0.3847667379994
WaterBottle_0,1574,baseline,none,0.0,1131.3560026891632,6.685777281055791,65.35110473632812,0.003384060329861111,1.0,0.0,0.0,0,0.8223857420619912
WaterBottle_0,1574,gauss_blur,sigma,1.0,75.5656821298626,6.5800284135996305,65.38070848253038,1.0172526041666666e-05,1.0,0.0,0.0,0,0.500876708533666
WaterBottle_0,1574,gauss_blur,sigma,2.0,6.534881485833056,6.488316865858158,65.38847351074219,0.0,1.0,0.0,0.0,0,0.2299107147007325
WaterBottle_0,1574,gauss_blur,sigma,4.0,1.8948414950016423,6.450499521188468,65.39289008246527,0.0,1.0,0.0,0.0,0,0.12029725052565467
WaterBottle_0,1574,gauss_blur,sigma,8.0,1.4299418124151826,6.418115521071749,65.3997311062283,0.0,1.0,0.0,0.0,0,0.0999741212402669
WaterBottle_0,1574,motion_blur,kernel_px,9.0,251.51460093218418,6.57145599434247,65.38562350802951,7.968478732638889e-05,1.0,0.0,0.0,0,0.637752484333217
WaterBottle_0,1574,motion_blur,kernel_px,21.0,93.80744928204062,6.477221601493897,65.39353773328993,1.6954210069444444e-06,1.0,0.0,0.0,0,0.5172862014105924
WaterBottle_0,1574,motion_blur,kernel_px,41.0,39.01503157390305,6.421988794786489,65.395994398329,0.0,0.0,0.0,0.0,1,0.41567527238788465
WaterBottle_0,1574,noise,sigma,10.0,2010.6106923397047,6.884078931857866,64.95932006835938,0.006095038519965278,1.0,0.0,0.0,0,0.9065158970413589
WaterBottle_0,1574,noise,sigma,25.0,6298.003804445533,7.075681004655941,65.55343967013889,0.015714857313368056,1.0,0.0,0.0,0,0.893173282586388
WaterBottle_0,1574,noise,sigma,50.0,18447.291499057475,7.325853541469733,68.72317674424913,0.031258477105034724,1.0,0.0,0.0,0,0.8550789823633368
WaterBottle_0,1574,dark,gamma,2.0,502.8248948728708,5.596959615528087,21.507890489366318,0.2227105034722222,1.0,0.0,0.0,0,0.3911945525985709
WaterBottle_0,1574,dark,gamma,3.0,281.72061607903623,4.10198778037765,9.052754720052084,0.6378343370225694,1.0,0.0,0.0,0,0.10542683456873445
WaterBottle_0,1574,dark,gamma,4.5,181.89488330509886,1.9607124330222745,3.7813483344184027,0.9384629991319444,0.0,0.0,0.0,1,0.007402016082171438
WaterBottle_0,1574,overexpose,gamma,0.5,1380.068950378298,6.8113621293053574,123.817872789171,0.00047132703993055556,1.0,0.0,0.0,0,0.42985172017208706
WaterBottle_0,1574,overexpose,gamma,0.3,1185.6209779591354,6.540917048979414,163.55485026041666,0.00041368272569444444,1.0,0.0,0.0,0,0.12671670154831424
WaterBottle_0,1574,overexpose,gamma,0.15,909.8161349561485,5.9214777879183025,203.02909511990018,0.0013783772786458333,1.0,0.0,0.0,0,0.0
WaterBottle_0,1574,jpeg,quality,30.0,1064.0789743350717,6.6951938332027465,65.37097846137152,0.004601372612847222,1.0,0.0,0.0,0,0.8152342720328933
WaterBottle_0,1574,jpeg,quality,10.0,871.7215947872604,6.026833958483911,65.40250820583768,0.005594889322916667,0.0,0.0,0.0,1,0.7119779829367837
WaterBottle_0,1574,jpeg,quality,3.0,535.3511154084314,3.1091435517247206,64.8258785671658,0.013704087999131944,1.0,0.0,0.0,0,0.33978817322540883
WaterBottle_0,3413,baseline,none,0.0,1169.9564633365308,6.597368163859748,44.500996907552086,0.020585801866319444,1.0,0.0,0.0,1,0.8181250257765503
WaterBottle_0,3413,gauss_blur,sigma,1.0,74.55439237476455,6.553565475178704,44.533911810980904,0.006434122721354167,0.0,0.0,0.0,1,0.5047786006466811
WaterBottle_0,3413,gauss_blur,sigma,2.0,6.077523084837413,6.484084900685762,44.54067823621962,0.004121568467881944,0.0,0.0,0.0,1,0.22652127619390736
WaterBottle_0,3413,gauss_blur,sigma,4.0,1.9088185623397378,6.435284048957547,44.54906209309896,0.0021531846788194445,0.0,0.0,0.0,0,0.12291662257045086
WaterBottle_0,3413,gauss_blur,sigma,8.0,1.5148094924896904,6.383300427346337,44.54917568630643,0.0010359022352430555,0.0,0.0,0.0,0,0.10542168877684505
WaterBottle_0,3413,motion_blur,kernel_px,9.0,249.4194859215892,6.531248425149341,44.53850979275174,0.005245632595486111,0.0,0.0,0.0,1,0.6432355006372464
WaterBottle_0,3413,motion_blur,kernel_px,21.0,115.93371567864801,6.447434446877077,44.547946506076386,0.0026872422960069445,0.0,0.0,0.0,2,0.5488813346905514
WaterBottle_0,3413,motion_blur,kernel_px,41.0,48.788930080371124,6.384356081840296,44.55115763346354,0.0011189778645833333,0.0,0.0,0.0,0,0.4467665963351985
WaterBottle_0,3413,noise,sigma,10.0,2001.0065068737665,6.763190739539195,44.331929524739586,0.038914998372395836,1.0,0.0,0.0,1,0.8834554467005352
WaterBottle_0,3413,noise,sigma,25.0,5654.661077791545,6.873798439420859,46.04268561469184,0.06348164876302083,0.0,0.0,0.0,1,0.8804572050562625
WaterBottle_0,3413,noise,sigma,50.0,15782.09450367809,7.059231388076278,51.59577941894531,0.0801730685763889,0.0,0.0,0.0,1,0.9046703076556348
WaterBottle_0,3413,dark,gamma,2.0,428.430001128025,4.796893751025471,12.208318074544271,0.5362667507595487,0.0,0.0,0.0,0,0.17597183929545968
WaterBottle_0,3413,dark,gamma,3.0,191.9135928614796,2.9097695863375135,4.745359632703993,0.8460269504123263,0.0,0.0,0.0,1,0.028109710918107565
WaterBottle_0,3413,dark,gamma,4.5,84.82120256553358,1.1500788565939501,1.8494703504774306,0.9575551350911459,0.0,0.0,0.0,2,0.00249635063083668
WaterBottle_0,3413,overexpose,gamma,0.5,1734.4072347990902,7.124813375789946,98.21551174587674,0.001422458224826389,1.0,0.0,0.0,1,0.6396301507142389
WaterBottle_0,3413,overexpose,gamma,0.3,1812.919947566438,7.028118575092739,140.45081075032553,0.0010986328125,1.0,0.0,0.0,1,0.3180345436263041
WaterBottle_0,3413,overexpose,gamma,0.15,1924.230456973621,6.5486070980885245,186.30287509494357,0.0010986328125,1.0,0.0,0.0,1,0.0
WaterBottle_0,3413,jpeg,quality,30.0,1096.059246324416,6.6573989451872695,44.581275092230904,0.02239990234375,1.0,0.0,0.0,1,0.8169892077963268
WaterBottle_0,3413,jpeg,quality,10.0,867.2884313571673,6.127028285260891,44.650780571831596,0.018934461805555556,0.0,0.0,0.0,3,0.7297863592037306
WaterBottle_0,3413,jpeg,quality,3.0,502.12078142579776,2.9610285193229187,44.066652086046005,0.12031724717881945,0.0,0.0,0.0,2,0.2893085112410274
WaterBottle_0,3467,baseline,none,0.0,964.9943035944002,6.490787288738987,57.639892578125,0.004489474826388889,1.0,0.0,0.0,0,0.8311546507297893
WaterBottle_0,3467,gauss_blur,sigma,1.0,56.77013581098678,6.446517187574951,57.66204155815972,4.57763671875e-05,1.0,0.0,0.0,0,0.4892811503524706
WaterBottle_0,3467,gauss_blur,sigma,2.0,5.2917785487126245,6.367174345103359,57.66817389594184,0.0,1.0,0.0,0.0,0,0.21911358848448695
WaterBottle_0,3467,gauss_blur,sigma,4.0,1.7230411061965334,6.32605885023406,57.670257568359375,0.0,0.0,0.0,0.0,1,0.11856820778873867
WaterBottle_0,3467,gauss_blur,sigma,8.0,1.2905782047245227,6.283236629479534,57.6644778781467,0.0,1.0,0.0,0.0,0,0.09743872927771836
WaterBottle_0,3467,motion_blur,kernel_px,9.0,240.26056578318153,6.446823595651333,57.66883511013455,0.0001373291015625,1.0,0.0,0.0,0,0.661626979215635
WaterBottle_0,3467,motion_blur,kernel_px,21.0,98.18194139120745,6.371653144591941,57.67314995659722,3.2212999131944445e-05,1.0,0.0,0.0,0,0.5479921368405416
WaterBottle_0,3467,motion_blur,kernel_px,41.0,37.56095021983529,6.319628932466857,57.674096001519096,0.0,1.0,0.0,0.0,0,0.43183062262405414
WaterBottle_0,3467,noise,sigma,10.0,1831.2840303485423,6.737723445953985,57.2631581624349,0.011381361219618056,1.0,0.0,0.0,0,0.9394481962738128
WaterBottle_0,3467,noise,sigma,25.0,5994.664166153072,6.947567604521241,58.04671732584635,0.025516086154513888,1.0,0.0,0.0,0,0.9414291645677432
WaterBottle_0,3467,noise,sigma,50.0,17642.77341416256,7.2059354997956495,61.96819559733073,0.040293375651041664,1.0,0.0,0.0,0,0.8977510255779769
WaterBottle_0,3467,dark,gamma,2.0,393.69438593015985,5.229309184680084,16.69712151421441,0.2816314697265625,1.0,0.0,0.0,0,0.30824262662166785
WaterBottle_0,3467,dark,gamma,3.0,189.9023117041993,3.584949960499061,6.088551839192708,0.7904476589626737,1.0,0.0,0.0,0,0.04783889451319281
WaterBottle_0,3467,dark,gamma,4.5,90.80135030322418,1.304345621381457,2.0291290283203125,0.9564938015407987,1.0,0.0,0.0,0,0.0029528514551042766
WaterBottle_0,3467,overexpose,gamma,0.5,1254.841234557595,6.710005639578558,115.96709696451823,0.0006273057725694445,1.0,0.0,0.0,0,0.4744896242450098
WaterBottle_0,3467,overexpose,gamma,0.3,1133.7223333095403,6.493913388877088,157.13669670952692,0.00036790635850694444,1.0,0.0,0.0,0,0.16922503158892005
WaterBottle_0,3467,overexpose,gamma,0.15,937.3502386039852,5.903537312460259,198.8922865125868,0.00044420030381944444,1.0,0.0,0.0,0,0.0
WaterBottle_0,3467,jpeg,quality,30.0,874.1482913608597,6.457112385557844,57.66707017686632,0.006144205729166667,1.0,0.0,0.0,0,0.8134282764016264
WaterBottle_0,3467,jpeg,quality,10.0,679.7518052383538,5.450941657348447,57.7144283718533,0.006751166449652778,1.0,0.0,0.0,0,0.6605587241563762
WaterBottle_0,3467,jpeg,quality,3.0,414.532937926539,2.653180728274018,56.563112046983505,0.041753133138020836,0.0,0.0,0.0,1,0.28937787999574865
WaterBottle_0,3477,baseline,none,0.0,856.8659489961934,6.520070209430493,58.341239081488716,0.004019843207465278,1.0,0.0,0.0,0,0.8162309106395249
WaterBottle_0,3477,gauss_blur,sigma,1.0,57.03951044566639,6.48192837471717,58.364737616644966,1.6954210069444445e-05,1.0,0.0,0.0,0,0.489756949516587
WaterBottle_0,3477,gauss_blur,sigma,2.0,5.331993695474977,6.403954797582709,58.36876085069444,0.0,0.0,0.0,0.0,1,0.2198936712444143
WaterBottle_0,3477,gauss_blur,sigma,4.0,1.7311774166530849,6.364026485544247,58.37223476833768,0.0,0.0,0.0,0.0,1,0.11895800018890776
WaterBottle_0,3477,gauss_blur,sigma,8.0,1.2919294567818949,6.32358429861488,58.37776353624132,0.0,1.0,0.0,0.0,0,0.0975698949535631
WaterBottle_0,3477,motion_blur,kernel_px,9.0,213.2061683477369,6.480640326772268,58.36908467610677,5.5948893229166664e-05,1.0,0.0,0.0,0,0.6470568838544194
WaterBottle_0,3477,motion_blur,kernel_px,21.0,87.03873314238213,6.4040818339618575,58.37333340115018,0.0,1.0,0.0,0.0,0,0.5334903236207755
WaterBottle_0,3477,motion_blur,kernel_px,41.0,33.165701492997115,6.351752992143322,58.37408955891927,0.0,0.0,0.0,0.0,1,0.4172758179581645
WaterBottle_0,3477,noise,sigma,10.0,1734.3645628640938,6.757941008063944,57.98420545789931,0.010459052191840278,1.0,0.0,0.0,0,0.9308988979116756
WaterBottle_0,3477,noise,sigma,25.0,5918.46233802992,6.962067989170947,58.74956597222222,0.024266560872395832,1.0,0.0,0.0,0,0.9372785483839027
WaterBottle_0,3477,noise,sigma,50.0,17583.449466344333,7.2200843564729045,62.59392971462674,0.039542304144965276,1.0,0.0,0.0,0,0.893758366955314
WaterBottle_0,3477,dark,gamma,2.0,359.8786681426893,5.282538617668293,17.154869927300346,0.2736087375217014,1.0,0.0,0.0,0,0.31170043025993077
WaterBottle_0,3477,dark,gamma,3.0,181.22265123364372,3.6623433269349173,6.375354342990452,0.7683139377170138,1.0,0.0,0.0,0,0.053745993686378134
WaterBottle_0,3477,dark,gamma,4.5,91.81826403364528,1.395654534050647,2.181449042426215,0.9540252685546875,1.0,0.0,0.0,0,0.0033536524722909537
WaterBottle_0,3477,overexpose,gamma,0.5,1100.819354371958,6.73428627626666,116.71285671657986,0.0005459255642361111,1.0,0.0,0.0,0,0.46220891723659213
WaterBottle_0,3477,overexpose,gamma,0.3,985.5246502631859,6.534384841084249,157.72994656032986,0.00028822157118055556,1.0,0.0,0.0,0,0.16287474809137392
WaterBottle_0,3477,overexpose,gamma,0.15,798.6034333010057,5.934114653701336,199.34722391764322,0.0003763834635416667,1.0,0.0,0.0,0,0.0
WaterBottle_0,3477,jpeg,quality,30.0,805.3488587827117,6.498629666013954,58.399771796332466,0.005659315321180556,1.0,0.0,0.0,0,0.8043787032721029
WaterBottle_0,3477,jpeg,quality,10.0,665.2906634695801,5.497660216727361,58.348476833767364,0.006527370876736111,0.0,0.0,0.0,3,0.6607804879976027
WaterBottle_0,3477,jpeg,quality,3.0,415.63822479939006,2.7078460962127266,57.30092027452257,0.041168212890625,1.0,0.0,0.0,0,0.2939075205841857
WaterBottle_0,3496,baseline,none,0.0,906.429521253436,6.546252506118629,58.905615912543404,0.004670884874131944,1.0,0.0,0.0,0,0.8220053835934853
WaterBottle_0,3496,gauss_blur,sigma,1.0,59.293305107423976,6.4949978153864665,58.92759365505643,7.968478732638889e-05,0.0,0.0,0.0,1,0.4930566498134131
WaterBottle_0,3496,gauss_blur,sigma,2.0,5.533197931666503,6.416857473956209,58.93175930447049,0.0,1.0,0.0,0.0,0,0.22304838001079122
WaterBottle_0,3496,gauss_blur,sigma,4.0,1.777557372943394,6.380443718341565,58.937778049045136,0.0,0.0,0.0,0.0,2,0.12070767154034925
WaterBottle_0,3496,gauss_blur,sigma,8.0,1.327436658139858,6.342715236243506,58.946553548177086,0.0,1.0,0.0,0.0,0,0.09921936114818107
WaterBottle_0,3496,motion_blur,kernel_px,9.0,216.6560314007901,6.492573712577251,58.93036397298177,0.00016615125868055556,1.0,0.0,0.0,0,0.6471479872846847
WaterBottle_0,3496,motion_blur,kernel_px,21.0,83.80609041607629,6.4115560768441515,58.93712870279948,0.0,1.0,0.0,0.0,0,0.5272294927319773
WaterBottle_0,3496,motion_blur,kernel_px,41.0,33.613855385391155,6.357939180986906,58.94088236490885,0.0,0.0,0.0,0.0,1,0.4172970203699241
WaterBottle_0,3496,noise,sigma,10.0,1777.6091402114387,6.768894153515676,58.54967922634549,0.010214911566840278,1.0,0.0,0.0,0,0.9314386254680339
WaterBottle_0,3496,noise,sigma,25.0,5940.193872604283,6.966545343766369,59.284120347764755,0.022247314453125,1.0,0.0,0.0,0,0.9351349170546099
WaterBottle_0,3496,noise,sigma,50.0,17730.418130966864,7.226768452196772,63.081856621636284,0.03816562228732639,1.0,0.0,0.0,0,0.8913730003278708
WaterBottle_0,3496,dark,gamma,2.0,378.3727193834881,5.320786095617002,17.475584242078995,0.2670474582248264,0.0,0.0,0.0,1,0.3206022506713803
WaterBottle_0,3496,dark,gamma,3.0,192.71368709619352,3.7093345513199627,6.5759429931640625,0.7536451551649306,1.0,0.0,0.0,0,0.0587077202583756
WaterBottle_0,3496,dark,gamma,4.5,101.60867472027172,1.4539976034310167,2.304446750217014,0.9533064100477431,1.0,0.0,0.0,0,0.0036328496536275354
WaterBottle_0,3496,overexpose,gamma,0.5,1184.4050273472337,6.754864728832415,117.32120429144965,0.0007561577690972222,1.0,0.0,0.0,0,0.46397846239480783
WaterBottle_0,3496,overexpose,gamma,0.3,1089.2918961659684,6.551806003269902,158.21742926703558,0.00044928656684027775,1.0,0.0,0.0,0,0.16228319211591088
WaterBottle_0,3496,overexpose,gamma,0.15,936.9045035010778,5.947317722631764,199.64684041341147,0.0006340874565972222,1.0,0.0,0.0,0,0.0
WaterBottle_0,3496,jpeg,quality,30.0,859.6979746074835,6.558133065010067,58.93101331922743,0.005962795681423611,1.0,0.0,0.0,0,0.8158748756776895
WaterBottle_0,3496,jpeg,quality,10.0,701.4855432633834,5.624771554760638,58.923678927951386,0.006352742513020833,0.0,0.0,0.0,1,0.6785000609723565
WaterBottle_0,3496,jpeg,quality,3.0,428.40252768452694,2.7365170101156195,58.0363277859158,0.03242323133680555,1.0,0.0,0.0,0,0.2994471071065086
WaterBottle_0,3756,baseline,none,0.0,1193.825877626553,6.403541662029703,39.846048990885414,0.017589992947048612,1.0,0.0,0.0,1,0.7674926715760201
WaterBottle_0,3756,gauss_blur,sigma,1.0,70.38640840585848,6.2712644781682725,39.86799791124132,0.0023210313585069445,1.0,0.0,0.0,1,0.4598750313695591
WaterBottle_0,3756,gauss_blur,sigma,2.0,5.474765349133516,6.15004980753306,39.87158542209201,0.0008273654513888889,0.0,0.0,0.0,0,0.1976732290904504
WaterBottle_0,3756,gauss_blur,sigma,4.0,1.895821464555568,6.069320751413588,39.875518798828125,0.0003390842013888889,0.0,0.0,0.0,0,0.11110229751377403
WaterBottle_0,3756,gauss_blur,sigma,8.0,1.525831431138939,5.999641980079451,39.879981146918404,0.0,1.0,0.0,0.0,1,0.09574317751354913
WaterBottle_0,3756,motion_blur,kernel_px,9.0,152.47608677600226,6.2227496341671005,39.87078348795573,0.0012732611762152778,0.6666666666666666,0.0,0.0,2,0.538731147263528
WaterBottle_0,3756,motion_blur,kernel_px,21.0,56.12167862378476,6.110524098318789,39.87510850694444,0.00048658582899305556,1.0,0.0,0.0,1,0.4254915446713915
WaterBottle_0,3756,motion_blur,kernel_px,41.0,27.51531825959682,6.034714552146583,39.877892388237846,0.00019327799479166666,0.0,0.0,0.0,1,0.3481536886680026
WaterBottle_0,3756,noise,sigma,10.0,2019.9415947447224,6.565664357107941,39.672692192925346,0.0357666015625,0.0,0.0,0.0,2,0.8266668843879235
WaterBottle_0,3756,noise,sigma,25.0,5631.897560941397,6.706801346767378,41.53666687011719,0.06593153211805555,0.0,0.0,0.0,2,0.8313988024301113
WaterBottle_0,3756,noise,sigma,50.0,15351.825678958845,6.936521362894977,47.48528713650174,0.08875020345052083,0.0,0.0,0.0,0,0.8669713380946902
WaterBottle_0,3756,dark,gamma,2.0,323.49184362928065,4.500829703111378,9.672856648763021,0.5827111138237847,0.6666666666666666,0.0,0.0,2,0.13755405572223184
WaterBottle_0,3756,dark,gamma,3.0,115.55880551495483,2.55681572596039,3.4915890163845487,0.8990207248263888,0.6666666666666666,0.0,0.0,2,0.014415519508984516
WaterBottle_0,3756,dark,gamma,4.5,47.499254536478674,0.9042584463945121,1.3954959445529513,0.9716288248697916,1.0,0.0,0.0,1,0.0011369715268261464
WaterBottle_0,3756,overexpose,gamma,0.5,2045.6421175576568,7.008595862508937,93.19169786241319,0.001064724392361111,0.0,0.0,0.0,0,0.6907733108478786
WaterBottle_0,3756,overexpose,gamma,0.3,2234.000398019924,6.953370031423816,136.21087476942273,0.000885009765625,0.0,0.0,0.0,0,0.3551077062074911
WaterBottle_0,3756,overexpose,gamma,0.15,2346.2457657890286,6.506011489012304,183.41549513075086,0.0011037190755208333,0.0,0.0,0.0,1,0.0
WaterBottle_0,3756,jpeg,quality,30.0,1032.2340553893139,6.488562890609063,39.93426174587674,0.0208740234375,0.6666666666666666,0.0,0.0,2,0.759775373406119
WaterBottle_0,3756,jpeg,quality,10.0,755.495724284906,6.158701632281898,39.98019239637587,0.016165839301215276,0.5,0.0,0.0,3,0.6923478796581732
WaterBottle_0,3756,jpeg,quality,3.0,354.8079050569507,2.3912865941600505,40.515160454644096,0.0898403591579861,1.0,0.0,0.0,1,0.2214244412789074
WaterBottle_0,3799,baseline,none,0.0,1268.0488716703292,6.611372901522723,45.26823594835069,0.019117567274305556,1.0,0.0,0.0,0,0.8358028523147815
WaterBottle_0,3799,gauss_blur,sigma,1.0,76.04775123277186,6.522680015285552,45.292887369791664,0.0025736490885416665,1.0,0.0,0.0,0,0.5098701846829428
WaterBottle_0,3799,gauss_blur,sigma,2.0,6.2385608357245115,6.439438026751557,45.2965087890625,0.0009748670789930555,0.0,0.0,0.0,2,0.2297187154804502
WaterBottle_0,3799,gauss_blur,sigma,4.0,1.9739549267508183,6.388801850163379,45.29774644639757,0.0002593994140625,0.0,0.0,0.0,2,0.1255823189746484
WaterBottle_0,3799,gauss_blur,sigma,8.0,1.5503150088752813,6.34111849800794,45.300728691948784,0.0,0.0,0.0,0.0,1,0.10710042087816361
WaterBottle_0,3799,motion_blur,kernel_px,9.0,223.00538326144215,6.481093542071541,45.2944081624349,0.001644558376736111,0.0,0.0,0.0,1,0.6316706207758624
WaterBottle_0,3799,motion_blur,kernel_px,21.0,81.49228276118039,6.385984629398195,45.29913330078125,0.00032721625434027775,0.0,0.0,0.0,1,0.508198820833986
WaterBottle_0,3799,motion_blur,kernel_px,41.0,37.8274830600195,6.3248332841073225,45.30330573187934,0.0,0.0,0.0,0.0,1,0.4175273410531053
WaterBottle_0,3799,noise,sigma,10.0,2106.5064698943816,6.766913906153058,45.05735778808594,0.035349527994791664,1.0,0.0,0.0,0,0.8926466116621481
WaterBottle_0,3799,noise,sigma,25.0,5767.323018186517,6.888944674789342,46.719638400607636,0.06108432345920139,1.0,0.0,0.0,0,0.8876766608709322
WaterBottle_0,3799,noise,sigma,50.0,15765.70469156459,7.0823715612843525,52.283233642578125,0.0797000461154514,0.0,0.0,0.0,1,0.9100782240042419
WaterBottle_0,3799,dark,gamma,2.0,416.14759637386646,4.8205130193861585,13.05582004123264,0.5426686604817709,1.0,0.0,0.0,0,0.17526269593646113
WaterBottle_0,3799,dark,gamma,3.0,179.23845922712087,2.949299501953601,5.56363762749566,0.8520016140407987,0.0,0.0,0.0,1,0.02731218719135298
WaterBottle_0,3799,dark,gamma,4.5,83.6638827620902,1.2166176375277467,2.49649895562066,0.9502987331814237,0.0,0.0,0.0,2,0.0031090146050116564
WaterBottle_0,3799,overexpose,gamma,0.5,1988.2740186415617,7.129436153156663,98.84124077690973,0.0014699300130208333,1.0,0.0,0.0,0,0.6464209316410334
WaterBottle_0,3799,overexpose,gamma,0.3,2100.117888944819,7.041851192015096,140.9995405409071,0.0012122260199652778,1.0,0.0,0.0,0,0.3176253060624328
WaterBottle_0,3799,overexpose,gamma,0.15,2176.069968793952,6.5593764791618945,186.72418551974826,0.001468234592013889,1.0,0.0,0.0,0,0.0
WaterBottle_0,3799,jpeg,quality,30.0,1130.300383745474,6.684432812207504,45.33908928765191,0.022796630859375,1.0,0.0,0.0,0,0.8288240282678169
WaterBottle_0,3799,jpeg,quality,10.0,853.1033002531364,6.278971596342706,45.50898234049479,0.019265068901909724,0.0,0.0,0.0,2,0.7511933147727021
WaterBottle_0,3799,jpeg,quality,3.0,450.7744064112941,2.8339562955841724,45.34040832519531,0.0921139187282986,0.0,0.0,0.0,2,0.2838473251274524
WaterBottle_0,3818,baseline,none,0.0,1427.1580773658109,6.657083478612586,46.11204867892795,0.022593180338541668,1.0,0.0,0.0,0,0.8584770766200052
WaterBottle_0,3818,gauss_blur,sigma,1.0,79.44810649254765,6.5778020243990385,46.141438802083336,0.004787868923611111,1.0,0.0,0.0,0,0.5218140658100039
WaterBottle_0,3818,gauss_blur,sigma,2.0,6.472405315169856,6.501548593170369,46.145043267144096,0.0023176405164930555,1.0,0.0,0.0,0,0.2370129611275089
WaterBottle_0,3818,gauss_blur,sigma,4.0,2.001661509263938,6.457876639661386,46.14727274576823,0.0008578830295138889,1.0,0.0,0.0,0,0.12885236553278673
WaterBottle_0,3818,gauss_blur,sigma,8.0,1.561053805809215,6.416909599289341,46.14878675672743,0.0,0.0,0.0,0.0,1,0.10963893305537878
WaterBottle_0,3818,motion_blur,kernel_px,9.0,266.7789960161288,6.545636537085547,46.14146423339844,0.003692626953125,0.0,0.0,0.0,2,0.662309202224263
WaterBottle_0,3818,motion_blur,kernel_px,21.0,99.28740889330702,6.457753284898509,46.14381239149306,0.0015106201171875,0.0,0.0,0.0,1,0.5398098266058433
WaterBottle_0,3818,motion_blur,kernel_px,41.0,44.334960472226776,6.403693305738959,46.14919874403212,0.0003000895182291667,0.0,0.0,0.0,2,0.4436176920194166
WaterBottle_0,3818,noise,sigma,10.0,2253.3421759133416,6.808193579822635,45.91796535915799,0.03811984592013889,1.0,0.0,0.0,0,0.9019700022371617
WaterBottle_0,3818,noise,sigma,25.0,5923.381472185458,6.9215439703739845,47.550140380859375,0.06186252170138889,1.0,0.0,0.0,0,0.8930278452094228
WaterBottle_0,3818,noise,sigma,50.0,16013.846327951098,7.1058448076231295,53.08368259006076,0.0794525146484375,1.0,0.0,0.0,0,0.9160796566641995
WaterBottle_0,3818,dark,gamma,2.0,488.89770913303164,4.878429045210116,13.649098714192709,0.5334913465711806,1.0,0.0,0.0,0,0.1870099245602777
WaterBottle_0,3818,dark,gamma,3.0,218.66411943715298,3.027296447659037,5.9111328125,0.8348354763454862,0.0,0.0,0.0,2,0.032618990249568665
WaterBottle_0,3818,dark,gamma,4.5,105.34320886819165,1.3031744977011455,2.6659986707899304,0.9465620252821181,0.0,0.0,0.0,3,0.003772800389324019
WaterBottle_0,3818,overexpose,gamma,0.5,2198.7109422401536,7.1691796870491675,99.49264017740886,0.0017174614800347222,1.0,0.0,0.0,0,0.6411803690148471
WaterBottle_0,3818,overexpose,gamma,0.3,2309.322381139558,7.078030983548718,141.3533172607422,0.001407199435763889,1.0,0.0,0.0,0,0.3148033111166665
WaterBottle_0,3818,overexpose,gamma,0.15,2389.0838529069183,6.592994181967325,186.75472513834634,0.0017072889539930555,1.0,0.0,0.0,0,0.0
WaterBottle_0,3818,jpeg,quality,30.0,1253.9703874404852,6.738850116402952,46.20013088650174,0.025322808159722224,1.0,0.0,0.0,0,0.8517951511034987
WaterBottle_0,3818,jpeg,quality,10.0,947.9023362323528,6.322271480391356,46.3094736735026,0.020701090494791668,0.0,0.0,0.0,2,0.7721680617925422
WaterBottle_0,3818,jpeg,quality,3.0,510.5039638942683,2.980151870081553,46.07677714029948,0.0993618435329861,0.0,0.0,0.0,1,0.3039814382047014
WaterBottle_0,3854,baseline,none,0.0,1212.990283406854,6.672044570300425,48.232506646050346,0.018641153971354168,1.0,0.0,0.0,2,0.8594367156625484
WaterBottle_0,3854,gauss_blur,sigma,1.0,67.90631436472644,6.635656808696448,48.26417202419705,0.004038492838541667,0.0,0.0,0.0,0,0.5171634767862335
WaterBottle_0,3854,gauss_blur,sigma,2.0,5.92641361717445,6.5746880240728816,48.272379557291664,0.0016072591145833333,0.0,0.0,0.0,0,0.2348780254682248
WaterBottle_0,3854,gauss_blur,sigma,4.0,1.9150967068027396,6.543563567509114,48.27711317274306,0.00017971462673611112,0.0,0.0,0.0,2,0.12942122599571163
WaterBottle_0,3854,gauss_blur,sigma,8.0,1.4937252468274282,6.510486354568113,48.27483452690972,0.0,0.0,0.0,0.0,1,0.10999444167684702
WaterBottle_0,3854,motion_blur,kernel_px,9.0,259.21956719199403,6.613471200430383,48.269012451171875,0.0028211805555555555,0.0,0.0,0.0,1,0.6780982115124922
WaterBottle_0,3854,motion_blur,kernel_px,21.0,103.35065204891333,6.542663757424213,48.27471415201823,0.0007442898220486111,0.0,0.0,0.0,1,0.56181195862332
WaterBottle_0,3854,motion_blur,kernel_px,41.0,42.99656506599055,6.4923479378819815,48.27753024631076,0.00011698404947916667,0.0,0.0,0.0,1,0.45419382385324747
WaterBottle_0,3854,noise,sigma,10.0,2049.2726371681524,6.853423594313442,48.031553480360245,0.03681776258680555,0.6666666666666666,0.0,0.0,1,0.9204909127389934
WaterBottle_0,3854,noise,sigma,25.0,5777.632566193694,6.968069431429575,49.63301425509982,0.059010823567708336,0.0,0.0,0.0,1,0.9110546229292392
WaterBottle_0,3854,noise,sigma,50.0,16197.778495913642,7.144349885136824,54.86864556206597,0.07410685221354167,0.0,0.0,0.0,1,0.9174753199206155
WaterBottle_0,3854,dark,gamma,2.0,437.0903522970937,4.983290829901215,14.431801689995659,0.4876539442274306,0.0,0.0,0.0,0,0.20784735342673344
WaterBottle_0,3854,dark,gamma,3.0,201.90938311576107,3.1828418673413794,6.11036851671007,0.8079833984375,0.0,0.0,0.0,1,0.03938150856858574
WaterBottle_0,3854,dark,gamma,4.5,97.73309156388035,1.3693319517377154,2.6271480984157987,0.9459262424045138,0.0,0.0,0.0,2,0.0039456779429937515
WaterBottle_0,3854,overexpose,gamma,0.5,1792.6299742970637,7.139801343029598,102.23085530598958,0.0014173719618055555,0.6666666666666666,0.0,0.0,1,0.61156455868969
WaterBottle_0,3854,overexpose,gamma,0.3,1819.0100470262087,7.037954260911356,143.86054484049478,0.001079983181423611,0.0,0.0,0.0,0,0.29188413654192424
WaterBottle_0,3854,overexpose,gamma,0.15,1816.7230207300988,6.538042216168917,188.7097659640842,0.0011952718098958333,0.0,0.0,0.0,0,0.0
WaterBottle_0,3854,jpeg,quality,30.0,1070.6584190793171,6.731246732438329,48.28376770019531,0.0197906494140625,0.6666666666666666,0.0,0.0,1,0.851195194911798
WaterBottle_0,3854,jpeg,quality,10.0,808.8706540920413,6.120880493628197,48.421507093641495,0.016145494249131944,0.0,0.0,0.0,2,0.7465400145266214
WaterBottle_0,3854,jpeg,quality,3.0,471.32130902669877,2.9923031543107146,47.546237521701386,0.11796061197916667,0.0,0.0,0.0,1,0.2987010198964514
WaterBottle_0,3861,baseline,none,0.0,1133.0689780756936,6.6685950848488895,47.82795884874132,0.019738091362847224,1.0,0.0,0.0,0,0.8469984296367897
WaterBottle_0,3861,gauss_blur,sigma,1.0,67.74468654982837,6.6408382416599805,47.86100090874566,0.005316840277777778,1.0,0.0,0.0,0,0.5149167440163475
WaterBottle_0,3861,gauss_blur,sigma,2.0,5.857803344493732,6.58235227819957,47.86868794759115,0.0029008653428819445,0.0,0.0,0.0,1,0.23286962040458645
WaterBottle_0,3861,gauss_blur,sigma,4.0,1.8944973414763808,6.553664537038489,47.871917724609375,0.000732421875,0.0,0.0,0.0,2,0.12826525119137105
WaterBottle_0,3861,gauss_blur,sigma,8.0,1.4762234157526197,6.526093511839865,47.86774698893229,0.0,0.0,0.0,0.0,1,0.1090449171002673
WaterBottle_0,3861,motion_blur,kernel_px,9.0,250.24695076350767,6.62177208019492,47.864632500542534,0.004253811306423611,0.0,0.0,0.0,1,0.6714735857003516
WaterBottle_0,3861,motion_blur,kernel_px,21.0,101.46168428245232,6.555158860530868,47.8706309000651,0.002209133572048611,0.0,0.0,0.0,1,0.5580048840419158
WaterBottle_0,3861,motion_blur,kernel_px,41.0,41.688929907414206,6.510079075670341,47.871317545572914,0.0010325113932291667,0.0,0.0,0.0,1,0.44989332535626486
WaterBottle_0,3861,noise,sigma,10.0,1966.8732857943198,6.852043768244602,47.64762878417969,0.03854709201388889,1.0,0.0,0.0,0,0.9146564934979111
WaterBottle_0,3861,noise,sigma,25.0,5689.849072692476,6.962215812630754,49.22137112087674,0.06069776746961805,1.0,0.0,0.0,0,0.9064005834653348
WaterBottle_0,3861,noise,sigma,50.0,16044.218242223038,7.136853677170449,54.47464497884115,0.07555474175347222,0.0,0.0,0.0,1,0.9188861562511137
WaterBottle_0,3861,dark,gamma,2.0,409.818783080826,4.96574261920288,14.284581502278646,0.4940456814236111,1.0,0.0,0.0,0,0.20203451562361288
WaterBottle_0,3861,dark,gamma,3.0,187.60172861258008,3.1608845864930113,6.041807386610243,0.8114539252387153,0.0,0.0,0.0,1,0.037842102061036
WaterBottle_0,3861,dark,gamma,4.5,89.35359869427968,1.3553270130620125,2.5873311360677085,0.9455447726779513,0.0,0.0,0.0,2,0.0038549252795064986
WaterBottle_0,3861,overexpose,gamma,0.5,1680.5753827455142,7.145273797614248,101.65951877170139,0.0015784369574652778,1.0,0.0,0.0,0,0.6105588022986338
WaterBottle_0,3861,overexpose,gamma,0.3,1735.423892741997,7.042633710100567,143.29469129774304,0.001269870334201389,1.0,0.0,0.0,0,0.2943370389454487
WaterBottle_0,3861,overexpose,gamma,0.15,1800.8458616015967,6.546888830654357,188.2531500922309,0.0013580322265625,1.0,0.0,0.0,0,0.0
WaterBottle_0,3861,jpeg,quality,30.0,1027.796761337734,6.725171349828754,47.90935601128472,0.020845201280381944,0.0,0.0,0.0,2,0.8419624786193317
WaterBottle_0,3861,jpeg,quality,10.0,795.9162819976026,6.081866836090358,47.99296739366319,0.016932169596354168,0.0,0.0,0.0,2,0.7368218196897021
WaterBottle_0,3861,jpeg,quality,3.0,457.7893786646951,2.9529253459132843,47.22101847330729,0.12029012044270833,0.0,0.0,0.0,1,0.2918228465160256
WaterBottle_0,4882,baseline,none,0.0,778.4585421810984,6.2859647619276515,56.18445332845052,0.004138522677951389,1.0,0.0,0.0,1,0.7892257035663918
WaterBottle_0,4882,gauss_blur,sigma,1.0,48.05338372059893,6.204430300537897,56.218995836046005,1.6954210069444444e-06,0.0,0.0,0.0,1,0.45719699221856996
WaterBottle_0,4882,gauss_blur,sigma,2.0,4.868847286670732,6.139360397477994,56.22802395290799,0.0,0.0,0.0,0.0,1,0.20564076217553143
WaterBottle_0,4882,gauss_blur,sigma,4.0,1.68604867103981,6.120336402208097,56.2356448703342,0.0,0.0,0.0,0.0,1,0.11445475447662175
WaterBottle_0,4882,gauss_blur,sigma,8.0,1.256213716952774,6.09903705517847,56.241524590386284,0.0,0.0,0.0,0.0,1,0.09392239522435096
WaterBottle_0,4882,motion_blur,kernel_px,9.0,162.29916608167727,6.20133413340098,56.22422620985243,5.5948893229166664e-05,1.0,0.0,0.0,1,0.598087336830703
WaterBottle_0,4882,motion_blur,kernel_px,21.0,52.33395623353333,6.131641582041476,56.2339121500651,3.3908420138888887e-06,0.0,0.0,0.0,0,0.4614881600045998
WaterBottle_0,4882,motion_blur,kernel_px,41.0,24.26629381432532,6.098272079763963,56.23881700303819,0.0,0.6666666666666666,0.0,0.0,2,0.3727327338832491
WaterBottle_0,4882,noise,sigma,10.0,1653.285283325652,6.579343590814833,55.830262925889755,0.009375678168402778,0.0,0.0,0.0,0,0.9171637057841222
WaterBottle_0,4882,noise,sigma,25.0,5813.778855926725,6.864734894875093,56.58678181966146,0.022123548719618056,0.0,0.0,0.0,0,0.9558600368069884
WaterBottle_0,4882,noise,sigma,50.0,17300.77482201041,7.175885257943791,60.60301547580295,0.03962537977430555,1.0,0.0,0.0,1,0.9086187441835474
WaterBottle_0,4882,dark,gamma,2.0,260.8541038634203,4.9882964972119135,15.87080552842882,0.2693261040581597,1.0,0.0,0.0,1,0.2760156008021143
WaterBottle_0,4882,dark,gamma,3.0,122.31402926602297,3.351537838374265,5.853635999891493,0.87109375,1.0,0.0,0.0,1,0.025148950066476567
WaterBottle_0,4882,dark,gamma,4.5,63.60883754519111,1.0413276842714176,1.9998660617404513,0.9548882378472222,1.0,0.0,0.0,1,0.0022535653245603004
WaterBottle_0,4882,overexpose,gamma,0.5,1140.154797891359,6.517385811612526,114.70431518554688,0.00031195746527777775,1.0,0.0,0.0,1,0.4635639390032702
WaterBottle_0,4882,overexpose,gamma,0.3,1047.3829811922485,6.318766972009754,156.27669949001736,0.0002543131510416667,1.0,0.0,0.0,1,0.16852650160094804
WaterBottle_0,4882,overexpose,gamma,0.15,818.3380195165008,5.704150796458039,198.49710761176215,0.0003628200954861111,0.0,0.0,0.0,0,0.0
WaterBottle_0,4882,jpeg,quality,30.0,678.070342930552,6.206235724284352,56.23475307888455,0.005766126844618056,1.0,0.0,0.0,1,0.7615283415073206
WaterBottle_0,4882,jpeg,quality,10.0,522.5662262261282,5.323851180711879,56.24258253309462,0.005959404839409722,0.6666666666666666,0.0,0.0,2,0.6270420597751695
WaterBottle_0,4882,jpeg,quality,3.0,296.2013598739106,2.19590816148172,56.286539713541664,0.021747165256076388,1.0,0.0,0.0,1,0.2314238462119063
WaterBottle_0,4955,baseline,none,0.0,907.3891091307999,6.568471939398862,48.21545918782552,0.016247219509548612,1.0,0.0,0.0,0,0.8134117329551652
WaterBottle_0,4955,gauss_blur,sigma,1.0,57.16846546764993,6.51530338220525,48.24876742892795,0.004055447048611111,1.0,0.0,0.0,0,0.4873912403982197
WaterBottle_0,4955,gauss_blur,sigma,2.0,5.373775881703619,6.452182996924881,48.25697496202257,0.002209133572048611,1.0,0.0,0.0,0,0.22043761062657335
WaterBottle_0,4955,gauss_blur,sigma,4.0,1.8577880852016402,6.425915793733329,48.26491461859809,0.001110500759548611,0.0,0.0,0.0,2,0.12460722186247306
WaterBottle_0,4955,gauss_blur,sigma,8.0,1.4296129014756944,6.397285663252509,48.26537068684896,0.00022549099392361112,0.0,0.0,0.0,1,0.10496944010895286
WaterBottle_0,4955,motion_blur,kernel_px,9.0,190.86868879235817,6.493768689908078,48.253499348958336,0.003161960177951389,0.0,0.0,0.0,1,0.6290497002709534
WaterBottle_0,4955,motion_blur,kernel_px,21.0,69.66587585868473,6.424401764084892,48.26492818196615,0.001514010959201389,0.0,0.0,0.0,1,0.5049614116021938
WaterBottle_0,4955,motion_blur,kernel_px,41.0,29.706474472975565,6.385450033209994,48.268074883355034,0.0004696316189236111,0.0,0.0,0.0,1,0.4040863023911284
WaterBottle_0,4955,noise,sigma,10.0,1752.3353263040271,6.7615159711849735,47.99520704481337,0.030626085069444444,1.0,0.0,0.0,0,0.9031059626471495
WaterBottle_0,4955,noise,sigma,25.0,5581.807515589717,6.907337439899305,49.414693196614586,0.051033867730034724,1.0,0.0,0.0,0,0.9171592292871391
WaterBottle_0,4955,noise,sigma,50.0,16082.348255877596,7.114589541537624,54.484800550672745,0.06748284233940972,0.0,0.0,0.0,2,0.9268355294419356
WaterBottle_0,4955,dark,gamma,2.0,299.0331403920052,4.916261923423772,13.506174723307291,0.4505547417534722,1.0,0.0,0.0,0,0.20406306441488692
WaterBottle_0,4955,dark,gamma,3.0,134.9434390549554,3.103996877485851,5.310390896267361,0.8684302435980903,0.0,0.0,0.0,1,0.0240897678771296
WaterBottle_0,4955,dark,gamma,4.5,65.32117207603311,1.0690206884811166,2.0433553059895835,0.9523637559678819,0.0,0.0,0.0,2,0.0024596929517402577
WaterBottle_0,4955,overexpose,gamma,0.5,1405.0638787823573,6.996731346184246,103.42347208658855,0.0009206136067708334,1.0,0.0,0.0,0,0.5831029707459507
WaterBottle_0,4955,overexpose,gamma,0.3,1408.9636090281915,6.872481580139372,145.56324428982205,0.0007425944010416666,1.0,0.0,0.0,0,0.26936303890160923
WaterBottle_0,4955,overexpose,gamma,0.15,1325.977420035723,6.34539044687464,190.3386027018229,0.0008121066623263889,1.0,0.0,0.0,0,0.0
WaterBottle_0,4955,jpeg,quality,30.0,812.9063292498222,6.602422851553531,48.28944736056857,0.017259385850694444,1.0,0.0,0.0,0,0.804090950286222
WaterBottle_0,4955,jpeg,quality,10.0,641.922064875379,5.898204359125865,48.281836615668404,0.014021131727430556,0.0,0.0,0.0,1,0.695290466724968
WaterBottle_0,4955,jpeg,quality,3.0,354.75178866522725,2.6263941274304905,47.96655612521701,0.0969424777560764,0.0,0.0,0.0,1,0.2569505694485923
